dish_id,ingredients,total_mass,total_calories
dish_1561662054,"pepper, white rice, mixed greens, garlic, soy sauce, millet, lemon juice, bok choy, olive oil, onions, vinegar, green beans, pork, apple, sugar, salt, parsley",292.0,419.438782
dish_1560455030,"cherry tomatoes, cucumbers, baby carrots",103.0,20.59
dish_1558372433,deprecated,143.0,74.360001
dish_1565640549,"tomatoes, cilantro, olive oil, mustard greens, lemon juice, onions, cucumbers, salt, arugula, jalapenos, asparagus, lime, mangos, cherry tomatoes",139.0,45.482903
dish_1563207364,"scrambled eggs, yam, grapes, egg whites, olive oil, sweet potato",271.0,309.269989
dish_1561575474,"salt, eggplant, roasted potatoes, cauliflower, olive oil",183.0,120.058434
dish_1563216717,"garlic, squash, cherry tomatoes, chicken breast, spinach (raw), parmesan cheese, wheat berry, olive oil, thyme, honeydew melons, salt, broccoli",332.0,246.007996
dish_1565972591,chicken apple sausage,122.0,195.199997
dish_1568649312,berries,78.0,44.459999
dish_1562183096,"pepper, chard, blueberries, mushroom, vinegar, arugula, mustard, olive oil, walnuts, salt",95.0,41.18898
dish_1563476551,"shallots, salmon, mushroom, ginger, squash, brownies, lemon juice, sour cream, lime, garlic, cheese pizza, wine, cream, brown rice, jalapenos, spinach (raw), beef, pasta, thyme, olive oil, broccoli, onions, zucchini, salt, cilantro, chili",750.0,1116.391113
dish_1559844951,"almonds, potatoes",122.0,274.335999
dish_1562963704,"radishes, bok choy, vinegar, salt, roasted potatoes, mixed greens, soy sauce, caesar salad, garlic, sugar, pepper, white rice, pork, rice noodles, cabbage, pizza, olive oil, carrot, green onions",479.0,663.755798
dish_1566417398,"mustard, vinegar, mixed greens, celery root, olive oil, salt, cherry tomatoes",46.0,56.892494
dish_1562611680,"cilantro, garlic, olive oil, pepperoni pizza, lemon juice, onions, vinegar, blueberries, salt, caesar salad, steak, kale, jalapenos, spinach (raw), mustard, white rice, radishes, pineapple",256.0,326.888977
dish_1564432238,"cherry tomatoes, cauliflower, lime, mayonnaise, jalapenos, pepperoni pizza, parsley, vinegar, lemon juice, cabbage, mixed greens, lettuce, salt, pepper, pineapple, pork, wheat berry, onions, cucumbers, olive oil, garlic, carrot",315.0,455.387939
dish_1563468327,"yam, sweet potato, cottage cheese, pineapple, watermelon, olive oil, berries",483.0,351.886047
dish_1562862493,scrambled eggs,134.0,198.320007
dish_1558549008,cherry tomatoes,115.0,20.700001
dish_1560453174,"basil, rosemary, carrot, olive oil, almonds, lemon juice, parsley, green beans, blueberries, chicken, pepper, salt, garlic, vinegar, zucchini, mustard, spinach (raw), thyme, wheat berry, squash",256.0,329.716248
dish_1563824250,onions,43.0,17.200001
dish_1560543755,"green onions, chicken, cauliflower, green beans, spinach (raw), ginger, olive oil, roasted potatoes, mixed greens, carrot, broccoli, salt, white rice, vinegar, rice noodles, cabbage, radishes, soy sauce, garlic",264.0,257.924927
dish_1563822597,"broccoli, caesar salad, squash, zucchini",176.0,59.400002
dish_1558459276,white rice,79.0,102.699997
dish_1560974707,"onions, spinach (raw), cherry tomatoes, tortilla chips, corn, cheese, salt, chili, tomatoes, garlic, lime, sour cream, black beans",60.0,55.025124
dish_1564686855,"cucumbers, onions, brownies, chicken breast, cherry tomatoes, olives, salt, lettuce, cheese pizza, mixed greens, lime, pepper, olive oil, vinegar",435.0,1030.160645
dish_1565119669,"kale, zucchini, chard, chayote squash",229.0,55.965
dish_1566417516,"wheat berry, eggplant, cherry tomatoes, mixed greens, celery root, salt, mustard, garlic, olive oil, vinegar, chard, fish, chive, shallots, roasted potatoes, parsley, lemon juice",425.0,385.402527
dish_1558724031,"cherry tomatoes, cantaloupe, almonds, cauliflower",303.0,358.710999
dish_1558637393,almonds,128.0,739.968018
dish_1563393217,"zucchini, broccoli, squash, onions, cucumbers",228.0,49.230003
dish_1562789268,"pork, corn on the cob, brown rice, lemon juice, parsley, basil, shallots, cherry tomatoes, cheese pizza, pepper, salt, vinegar, olive oil, onions, garlic, broccoli",350.0,569.511536
dish_1559700851,"spinach (raw), vinegar, tomatoes, salt, mustard, garlic, olive oil, mustard greens, cucumbers",54.0,61.089886
dish_1561492204,"olive oil, blueberries, onions, tomatoes, salt, fried rice, chicken, pepper, mustard, garlic, bell peppers, millet, jalapenos, spinach (raw), vinegar, radishes",334.0,488.636322
dish_1567613057,"olive oil, egg whites, watermelon, sweet potato, salsa",749.0,406.68631
dish_1564761488,"turkey bacon, egg whites, fried rice, honeydew melons",336.0,327.986023
dish_1559678330,"olive oil, spinach (raw), vinegar, tomatoes, garlic, cucumbers, salt, mustard, mustard greens",150.0,169.694122
dish_1565033110,"broccoli, mixed greens",147.0,47.599998
dish_1564428444,"olive oil, onions, salt, garlic, pears, mixed greens, mustard, cherry tomatoes, cauliflower, vinegar",277.0,157.001038
dish_1558459115,"almonds, apple, white rice, cherry tomatoes, grapes",298.0,271.540009
dish_1558723777,apple,143.0,74.360001
dish_1558721757,almonds,133.0,768.873047
dish_1564777960,"spinach (cooked), cheese pizza, shallots, onions, salt, olive oil, vinegar, bok choy, beef, millet",147.0,331.007507
dish_1563468269,"berries, watermelon, pineapple",302.0,129.01001
dish_1558380557,"grapes, almonds, sausage",212.0,699.320068
dish_1562873028,"jicama, parsley, nopales, olive oil, cherry tomatoes, chive, fish, pepper, salt, corn, arugula, sour cream, green beans, celery, carrot, couscous, garlic, lime",320.0,280.3414
dish_1558637769,apple,154.0,80.079994
dish_1558724959,"brussels sprouts, carrot, almonds, apple",426.0,581.441956
dish_1558115867,almonds,23.0,132.962997
dish_1561580370,"spinach (raw), wheat berry, cheese, cherry tomatoes, pasta, pesto, caesar salad, onions",124.0,126.795876
dish_1561061658,"croutons, pepper, parmesan cheese, brussels sprouts, mustard greens, garlic, kale, parsley, salt, shallots, arugula, olive oil, lemon juice, caesar dressing, cranberries, bulgur, apple",227.0,226.000137
dish_1559838402,"bacon, sweet potato, yam, berries",233.0,222.759506
dish_1564686832,"onions, brownies, olives, chicken breast, salt, lime, cherry tomatoes, cheese pizza, lettuce, pepper, mixed greens, olive oil, vinegar, cucumbers",392.0,829.737549
dish_1561753238,"olive oil, arugula, brown rice, pepper, squash, kale, salmon, parsley, garlic, lemon juice, salt, tatsoi, thyme, cucumbers",333.0,298.034393
dish_1566938026,"spinach (cooked), wine, cheese pizza, salt, lemon juice, squash, eggplant, mushroom, chicken thighs, olive oil, quinoa, garlic, shallots",219.0,450.576294
dish_1559751801,"berries, yam, eggs, chicken apple sausage",343.0,451.635986
dish_1564000490,"pepper, arugula, cream, caesar salad, butter, shallots, cheese pizza, salt, garlic, lemon juice, basil, mushroom, wheat berry, oregano, thyme, olive oil, rosemary, white wine, chicken",325.0,532.706482
dish_1564000459,"butter, wheat berry, thyme, olive oil, rosemary, lemon juice, cheese pizza, shallots, garlic, salt, white wine, pepper, cream, mushroom, arugula, oregano, basil, chicken",217.0,485.186493
dish_1558457530,cauliflower,64.0,16.0
dish_1558723449,apple,143.0,74.360001
dish_1567628157,"green onions, fish, apple, arugula, onions, chard, country rice, cranberries, lemon juice, garlic, salt, parsley, kale, olive oil, mustard greens, shallots, bulgur",355.0,373.190979
dish_1565728415,"cheese pizza, shallots, spinach (cooked), onions, olive oil, vinegar, millet, salt, bok choy, beef",80.0,194.42775
dish_1565383026,"spinach (raw), cucumbers, olives",287.0,171.559998
dish_1558642089,carrot,96.0,39.360001
dish_1562959732,"salt, soy sauce, bok choy, pork, parsnips, pepper, garlic, sugar, white rice",232.0,374.663696
dish_1560368972,"pork, cherry tomatoes, garlic, shallots, white rice, salt, onions, basil, olive oil, brown rice, vinegar, pepper, broccoli, lemon juice, parsley",107.0,196.840424
dish_1561576590,"squash, olive oil, salt",101.0,29.231468
dish_1558723866,cauliflower,59.0,14.75
dish_1564778030,"millet, spinach (cooked), vinegar, onions, cheese pizza, broccoli, bok choy, mixed greens, shallots, blue cheese, beef, olive oil, mustard, garlic, walnuts, lettuce, salt",283.0,504.417786
dish_1561392512,berries,75.0,42.75
dish_1564675118,"olive oil, watermelon, sweet potato",238.0,177.188782
dish_1559319860,bacon,13.0,70.330002
dish_1559242568,pears,203.0,116.116005
dish_1563824339,"onions, cherry tomatoes, olives, bell peppers",175.0,85.339996
dish_1567021831,"cherry tomatoes, pepper, chive, wheat berry, kale, mustard, olive oil, garlic, walnuts, lemon juice, salt, fish, chard, blueberries, vinegar, arugula, parsley, shallots",228.0,252.435623
dish_1559846099,"mandarin oranges, almonds, broccoli",114.0,206.938995
dish_1562873155,"green beans, olive oil",79.0,41.33675
dish_1562094621,green beans,34.0,10.54
dish_1563900150,"sweet potato, olive oil, scrambled eggs",154.0,202.2966
dish_1562086702,bacon,33.0,178.529999
dish_1564429894,"quinoa, salt, squash, mayonnaise, arugula, parsley, carrot, couscous, pepper, wheat berry, pork, jalapenos, cabbage, shallots, thyme, olive oil, garlic, lemon juice, cauliflower",566.0,498.769836
dish_1561662458,"lettuce, lime, salt, mixed greens, onions, cucumbers, vinegar, corn on the cob, olive oil, pepper, cherry tomatoes",119.0,124.815498
dish_1558720364,apple,142.0,73.839996
dish_1559845290,potatoes,86.0,66.220001
dish_1559844506,"mandarin oranges, grapes, strawberries",180.0,98.959999
dish_1560360055,"sausage, scrambled eggs",180.0,362.734009
dish_1567106825,"bok choy, millet, blue cheese, onions, mustard, olive oil, shallots, spinach (cooked), mixed greens, salt, beef, vinegar, garlic, lettuce, walnuts",104.0,220.200867
dish_1560453380,"zucchini, brown rice, arugula, green beans, wheat berry, rosemary, tomatoes, chicken, pepper, kimchi, spinach (raw), squash, salmon, thyme, olive oil, basil, lemon juice, parsley, salt, garlic",480.0,411.388397
dish_1566849327,"parmesan cheese, mixed greens, avocado, olives, chicken",362.0,551.702026
dish_1560527191,"mustard greens, cucumbers, bacon, berries, tomatoes, garlic, potatoes, salt, sausage, mustard, vinegar, spinach (raw), olive oil",318.0,663.989319
dish_1563898786,"mustard, olive oil, bell peppers, broccoli, radishes, salt, garlic, scrambled eggs, vinegar, cucumbers",344.0,420.928467
dish_1560973958,"wheat berry, olive oil, mustard, pecans, lime, salt, raisins, pepper, arugula, orange",121.0,145.313232
dish_1563206582,"yam, egg whites, olive oil, sweet potato",320.0,229.248688
dish_1565207815,"brussels sprouts, salt, pepper, olive oil",80.0,40.848213
dish_1568314823,avocado,90.0,144.0
dish_1565119464,"millet, apple, cheese pizza, salt, olive oil, onions, cranberries, mustard, vinegar, spinach (raw), spinach (cooked), beef, shallots, bok choy",223.0,504.065033
dish_1565725047,"carrot, olives",110.0,77.659996
dish_1559841163,"blackberries, scrambled eggs, yam, sweet potato, chicken apple sausage, broccoli",335.0,357.043518
dish_1563568338,"salt, garlic, olive oil, kale, onions, wheat berry, mushroom, corn on the cob, ground turkey, chive, cheese pizza, carrot, thyme, celery, cream, white rice, eggs",371.0,631.706665
dish_1563468299,"cottage cheese, pineapple, watermelon, berries",385.0,210.350006
dish_1558027001,deprecated,68.0,20.400002
dish_1565033265,"olives, mixed greens, broccoli, chicken, vinaigrette, olive oil",625.0,1324.084961
dish_1563475921,"shallots, garlic, lemon juice, onions, spinach (raw), jalapenos, pineapple, cauliflower, honeydew melons, chili, salt, olive oil, lime, ginger, brown rice, cilantro, salmon",348.0,244.343323
dish_1561665024,"lemon juice, onions, olive oil, mixed greens, parsley, salt, apple, millet, green beans, vinegar",121.0,100.570984
dish_1563813308,"salt, pepper, brussels sprouts, olive oil, bacon",76.0,224.982895
dish_1561062555,"apple, shallots, salt, bulgur, olive oil, cranberries, lemon juice, mustard greens, parsley, arugula, garlic",32.0,47.093922
dish_1558723414,corn on the cob,49.0,51.988998
dish_1562691674,"sweet potato, olive oil, broccoli, egg whites, yam, greek yogurt, chia seeds, chicken apple sausage, milk",435.0,376.976868
dish_1566591080,"pepper, salmon, chicken, olives, arugula, brown rice, chicken salad, olive oil, thyme, carrot, salt",549.0,909.629578
dish_1564082462,"soy sauce, pesto, cherry tomatoes, brown rice, chard, spinach (raw), pork, cheese, caesar salad, parsley, white rice, sugar, garlic, carrot, salt, pepper, bok choy, pasta, olive oil, basil, rosemary, lemon juice, onions, chive, chicken",609.0,905.354492
dish_1562602860,"strawberries, milk, chia seeds, greek yogurt, watermelon",258.0,165.182281
dish_1561739954,"sweet potato, scrambled eggs",225.0,276.119995
dish_1558638983,corn on the cob,56.0,59.416
dish_1558631825,corn on the cob,112.0,118.832001
dish_1563216440,"wheat berry, olive oil, spinach (raw), cherry tomatoes, chicken breast, white rice, parmesan cheese, garlic, salt, broccoli, thyme",352.0,403.786346
dish_1559240908,orange,128.0,60.16
dish_1563395480,"corn, cheese, garlic, chili, black beans, spinach (raw), squash, bell peppers, onions, olive oil, sour cream, lemon juice, salt, hominy, cherry tomatoes, pepper, tortilla chips, jalapenos, parsley, cabbage, chicken thighs, lime, zucchini, cheese pizza, broccoli, carrot, tomatoes",329.0,370.521423
dish_1559235815,"cream cheese, bagels, strawberries, eggs",268.0,352.39502
dish_1565640272,"bell peppers, pepperoni pizza, cherry tomatoes",405.0,377.820007
dish_1565022062,"olive oil, egg whites, berries, sweet potato",366.0,234.606583
dish_1562960520,"pork, pepper, white rice, garlic, caesar salad, roasted potatoes, sugar, salt, soy sauce, bok choy",303.0,422.399261
dish_1560441270,"bok choy, potatoes",46.0,24.540001
dish_1561663855,"parsley, lemon juice, chive, garlic, millet, apple, brown rice, corn on the cob, vinegar, onions, olive oil, rosemary, basil, salt, chicken, mixed greens, carrot, chard",139.0,179.138412
dish_1563389199,"broccoli, garlic, pepper, arugula, vinegar, chard, blueberries, bulgur, olive oil, pecans, mustard, tofu, salt, carrot",284.0,390.254456
dish_1566488928,"cantaloupe, sweet potato, olive oil",147.0,103.048294
dish_1558723926,cherry tomatoes,107.0,19.26
dish_1563392128,"garlic, cilantro, lemon juice, onions, olive oil, salt, arugula, quinoa, fish, tomatillo, pepper, jalapenos",162.0,169.934235
dish_1563910171,"ginger, chard, salmon, cilantro, shallots, lime, lemon juice, onions, olive oil, vinegar, green beans, brown rice, spinach (raw), jalapenos, cherry tomatoes, garlic, chili, figs, salt, cucumbers, mustard",423.0,571.183777
dish_1560368990,"shallots, salt, pumpkin seeds, parsley, olive oil, brown rice, vinegar, pepper, arugula, white rice, garlic, carrot, broccoli, lettuce, onions, basil, lemon juice, mustard, pork, cherry tomatoes, mixed greens",119.0,211.92131
dish_1562958563,"olives, chicken salad",68.0,130.839996
dish_1561579617,"salt, eggplant, olive oil, cauliflower, roasted potatoes",304.0,130.172348
dish_1566333167,"vinegar, beef, bok choy, spinach (cooked), shallots, millet, salt, cheese pizza, olive oil, onions",140.0,344.544495
dish_1565033139,"mixed greens, broccoli, olives",274.0,193.649994
dish_1563464480,"bacon, watermelon, roasted potatoes, berries",213.0,229.490005
dish_1567020054,"shallots, garlic, parsley, salt, kale, brussels sprouts, lemon juice, olive oil, wheat berry, chive, chard, pepper, fish, cherry tomatoes",145.0,122.001411
dish_1568649387,"olive oil, sweet potato, broccoli, berries, yam",192.0,163.858185
dish_1565370004,"bacon, olive oil, scrambled eggs, green beans",370.0,570.884766
dish_1566499633,"onions, olive oil, vinegar, garlic, salt, sun dried tomatoes, olives, cucumbers, spinach (raw), mustard",139.0,161.386429
dish_1558719336,cauliflower,97.0,24.25
dish_1562602657,"pepper, salt, hash browns, brussels sprouts, sausage, olive oil",236.0,610.365173
dish_1558116201,sausage,91.0,313.585999
dish_1559668314,"scrambled eggs, garden salad, hash browns",300.0,551.546021
dish_1557861697,eggplant,53.0,13.144
dish_1558721484,cherry tomatoes,62.0,11.160001
dish_1565379251,"salt, pepper, olive oil, carrot",67.0,32.936092
dish_1563306392,"chicken, spinach (raw), wheat berry, thyme, olive oil, lemon juice, parsley, salt, garlic, shallots",288.0,477.465118
dish_1559843335,strawberries,77.0,25.410002
dish_1558549214,"white rice, potatoes, spinach (raw), cherry tomatoes, grapes",361.0,239.190002
dish_1562775488,"egg whites, sweet potato",145.0,91.239998
dish_1562787956,caesar salad,61.0,26.84
dish_1562775212,oatmeal,136.0,92.480003
dish_1559238435,pears,202.0,115.544006
dish_1562008813,"pears, quinoa, shallots, olive oil, lemon juice, mustard, vinegar, arugula, garlic, mixed greens, goat cheese, thyme, pecans, parsley, chard, blueberries, olives, cauliflower, salt",225.0,214.593262
dish_1568061202,"salt, pepper, brussels sprouts, olive oil, squash, pineapple, cheese pizza",334.0,256.551605
dish_1560445069,grapefruit juice,243.0,94.527
dish_1563900172,"scrambled eggs, cantaloupe, olive oil, sweet potato",255.0,236.636597
dish_1562785132,"fish, country rice, onions, olive oil, garlic, salt, green onions",192.0,211.542679
dish_1565383097,"spinach (raw), cucumbers, olives, chicken, parmesan cheese",430.0,479.248993
dish_1559233102,scrambled eggs,124.0,183.520004
dish_1560357427,grapefruit juice,241.0,93.749001
dish_1558031628,cantaloupe,92.0,31.280001
dish_1558029148,honeydew melons,108.0,38.880001
dish_1562959129,"fish, garlic, salt, pizza, onions, pepper, quinoa, artichokes, lemon juice, olive oil, arugula, jalapenos, tomatillo, parsnips, cilantro, roasted potatoes",293.0,412.873596
dish_1558641075,cherry tomatoes,69.0,12.42
dish_1560455158,"olive oil, arugula, vinegar, carrot, mixed greens, mustard, lettuce, pumpkin seeds, salt",55.0,69.12085
dish_1565972715,"cucumbers, vinegar, green beans, scrambled eggs, pepper, lettuce, chicken apple sausage, cherry tomatoes, lime, mixed greens, salt, olive oil, onions",510.0,657.545837
dish_1558724912,carrot,75.0,30.75
dish_1563913675,"spinach (raw), vinegar, chard, cherry tomatoes, cheese pizza, figs, salt, caesar salad, cucumbers, olive oil, mustard",228.0,282.693146
dish_1567542876,"white rice, soy sauce, onions, orange juice, kale, lemon juice, chili, cilantro, green onions, cheese pizza, broccoli, beef, pineapple, chicken thighs, vinegar, olive oil, garlic, salt",260.0,495.807739
dish_1561753075,"garlic, salmon, chicken thighs, onions, olive oil, chili, caesar salad, cilantro, cheese, pepper, brown rice, arugula, squash, thyme, tortilla, salt, tomatoes",668.0,945.670715
dish_1559244305,"arugula, pepper, vinegar, chickpeas, salt, parsley, olive oil, mustard greens",64.0,113.066399
dish_1561577573,"onions, bok choy, millet, beef, salt, spinach (cooked), shallots, olive oil, pizza, vinegar",346.0,755.432922
dish_1563550614,"sweet potato, olive oil, egg whites",205.0,132.824387
dish_1565204891,"olive oil, onions, brussels sprouts, chicken thighs, lemon juice, salt, garlic, pineapple, white rice, cilantro, pepper, vinegar, kale",314.0,302.886444
dish_1558115011,almonds,20.0,115.620003
dish_1559675234,"carrot, bell peppers, cherry tomatoes, brussels sprouts",120.0,36.970001
dish_1565638323,"salt, garlic, parsley, onions, zucchini, rosemary, olive oil, arugula, pork, brown rice, white rice",274.0,467.824677
dish_1561405836,cheese pizza,31.0,82.429001
dish_1565898659,"cherry tomatoes, tuna, olives, salmon, spinach (raw), onions, chili, cilantro, lime, salt, ginger, brown rice, jalapenos, lemon juice, olive oil, carrot, shallots, garlic",537.0,576.704529
dish_1562169818,"olive oil, vinaigrette, pepper, scrambled eggs, granola, mixed greens, salt, raspberries, blackberries, brussels sprouts",275.0,346.819672
dish_1559934679,"quinoa, wine, eggplant, mushroom, chicken thighs, squash, salt, lemon juice, shallots, caesar salad, spinach (cooked), garlic, olive oil",146.0,160.845459
dish_1562698276,"spinach (cooked), shallots, salt, onions, broccoli, olive oil, vinegar, white rice, beef, millet, bok choy",307.0,434.58316
dish_1558718051,cauliflower,97.0,24.25
dish_1560368764,"olive oil, mustard, pumpkin seeds, carrot, mixed greens, lettuce, salt, asparagus, tofu, arugula, eggplant, vinegar",270.0,207.098907
dish_1563563317,"olives, grilled chicken, cherry tomatoes, carrot",252.0,345.84198
dish_1565895966,"bok choy, salt, onions, kale, olive oil, vinegar, shallots, green beans, chard, beef, spinach (cooked), millet",287.0,214.544357
dish_1566933226,"couscous, garlic, parsley, basil, lemon juice, olive oil, thyme, salt, chicken thighs, brown rice, radishes, arugula, vinegar",171.0,245.449509
dish_1558458737,white rice,32.0,41.599998
dish_1561392593,"vinegar, olive oil, broccoli, berries, bell peppers, radishes, salt, garlic, scrambled eggs, mustard, cucumbers",325.0,354.044922
dish_1566416421,"wheat berry, lemon juice, green beans, chard, fish, cherry tomatoes, garlic, roasted potatoes, shallots, chive, salt, parsley, olive oil, eggplant",367.0,313.741882
dish_1562009120,"brussels sprouts, tofu, salt, pepper, olive oil",146.0,95.610138
dish_1562872365,bok choy,76.0,9.879999
dish_1563910137,"vinegar, chard, spinach (raw), cherry tomatoes, green beans, olive oil, salt, cucumbers, figs, mustard",141.0,131.283218
dish_1558721726,apple,143.0,74.360001
dish_1566931586,"olives, mixed greens, chicken, broccoli",389.0,379.380005
dish_1563908923,caesar salad,112.0,49.279999
dish_1563552016,"syrup, waffles",174.0,493.589081
dish_1562784307,"salt, pizza, olive oil, eggplant, corn on the cob",157.0,158.518127
dish_1564761388,egg whites,105.0,54.599998
dish_1561576295,"onions, cucumbers, lettuce, bell peppers, roasted potatoes, olives, vinaigrette, cherry tomatoes, feta cheese",232.0,249.067139
dish_1562876618,cheese pizza,43.0,114.336998
dish_1565640427,brownies,42.0,195.761993
dish_1559841808,"grapes, mandarin oranges, cereal",96.0,73.110001
dish_1560788349,yogurt,134.0,78.925995
dish_1566847431,"quinoa, arugula, olive oil, thyme, lemon juice, parsley, salt, shallots, garlic",90.0,101.240509
dish_1565726812,"broccoli, olive oil",65.0,36.209755
dish_1561061687,"shallots, garlic, croutons, jalapenos, onions, cranberries, mustard greens, kale, lemon juice, olive oil, salt, parsley, salmon, ginger, spinach (raw), pepper, parmesan cheese, brown rice, arugula, cilantro, lime, caesar dressing, brussels sprouts, bulgur, chili, apple",408.0,508.347748
dish_1563996279,"salt, carrot, cauliflower, olive oil, pepper",278.0,98.490021
dish_1558115448,grapes,94.0,64.860001
dish_1559843030,strawberries,77.0,25.410002
dish_1564073860,bacon,91.0,492.309998
dish_1561739973,"broccoli, scrambled eggs, sweet potato",280.0,295.369995
dish_1559240441,strawberries,59.0,19.470001
dish_1565984434,"quinoa, ground turkey, onions, celery, kale, olive oil, thyme, chive, pepper, white rice, cauliflower, cream, mushroom, eggs, carrot, salt, garlic",430.0,319.892303
dish_1563811686,"scrambled eggs, strawberries, olive oil, salt, pepper, sweet potato, brussels sprouts",331.0,319.428375
dish_1561060925,"brussels sprouts, salt, tofu, pepper, olive oil",156.0,93.914848
dish_1561663817,"salt, mixed greens, olive oil, lemon juice, onions, parsley, corn on the cob, vinegar, millet, apple",86.0,95.495369
dish_1566922978,scrambled eggs,84.0,124.32
dish_1566316587,"olive oil, vinegar, radishes, bacon, garlic, bell peppers, scrambled eggs, salt, cucumbers, mustard, hash browns",311.0,646.768066
dish_1560367715,"broccoli, brown rice, vinegar, pork, olive oil, lemon juice, salt, croutons, white rice, cherry tomatoes, pepper, onions, parsley, shallots, garlic, basil",305.0,597.531189
dish_1561575613,"walnuts, salt, mustard, olive oil, vinegar, chard, blueberries, arugula, pepper",70.0,86.411438
dish_1558639266,corn on the cob,29.0,30.768999
dish_1558723537,cauliflower,58.0,14.5
dish_1566317742,"blackberries, oatmeal",254.0,154.720001
dish_1565195493,"sweet potato, chicken apple sausage, bacon, olive oil, egg whites",291.0,406.998535
dish_1559235690,eggs,111.0,172.604996
dish_1560529844,"berries, sweet potato, watermelon",168.0,91.68
dish_1563913709,"olive oil, cucumbers, fried rice, caesar salad, salt, cheese pizza, figs, cherry tomatoes, mustard, chard, vinegar, spinach (raw)",263.0,337.888184
dish_1563305883,"olive oil, spinach (raw), parmesan cheese, croutons, vinegar, apple, salt, mustard, onions, cranberries, caesar dressing, kale",77.0,83.052505
dish_1558639335,apple,116.0,60.32
dish_1560454488,"mixed greens, garlic, salt, cucumbers, parsley, olive oil, vinegar, cherry tomatoes, carrot",42.0,48.244003
dish_1559933793,"salt, pepper, olive oil, brussels sprouts",111.0,56.676903
dish_1564159636,"sausage, olive oil, pepper, salt, turkey bacon, bacon, brussels sprouts",134.0,487.873688
dish_1558724574,brussels sprouts,118.0,50.740002
dish_1558718009,cantaloupe,76.0,25.84
dish_1562873544,"carrot, pepper, sour cream, arugula, nopales, salt, garlic, fish, jicama, corn, olive oil, parsley, chive, cheese pizza, lime, caesar salad",201.0,193.61171
dish_1562945823,"granola, mixed greens, blackberries, raspberries, vinaigrette, honeydew melons, cantaloupe",99.0,62.19532
dish_1558725403,almonds,50.0,289.050018
dish_1564516366,olives,27.0,31.049999
dish_1561752996,"garlic, arugula, brown rice, thyme, salt, cilantro, cheese, salmon, pepper, chicken thighs, olive oil, tortilla, onions, tomatoes, chili",415.0,848.655762
dish_1558381032,almonds,20.0,115.620003
dish_1558549150,grapes,66.0,45.540001
dish_1562958629,"chicken salad, chickpeas, artichokes, olives",172.0,208.970001
dish_1558725253,broccoli,97.0,33.950001
dish_1565036821,"soy sauce, salt, vinegar, olive oil, beef, white rice, orange juice, chili, green onions, broccoli, garlic, kale, cheese pizza, onions",134.0,325.539917
dish_1558628921,carrot,60.0,24.6
dish_1558032156,bacon,26.0,140.660004
dish_1561062320,"wine, shallots, cranberries, mushroom, spinach (raw), jalapenos, cream, thyme, lemon juice, sour cream, parsley, white rice, salmon, cilantro, ginger, beef, pasta, brown rice, arugula, mustard greens, olive oil, apple, bulgur, lime, salt, onions, chili, garlic",202.0,307.868378
dish_1560798960,"cauliflower, croutons, sunflower seeds, garlic, onions, tofu, parmesan cheese, spinach (raw), caesar dressing, olive oil, mustard, kale, lemon juice, broccoli, carrot, salt, mixed greens, pears, cherry tomatoes, squash, vinegar, cranberries, cheese pizza, raisins",429.0,493.720886
dish_1560366438,"asparagus, salt, mustard, eggplant, pepper, blueberries, arugula, vinegar, chard, olive oil, walnuts",136.0,71.93322
dish_1565987201,"cucumbers, spinach (raw), parmesan cheese, caesar dressing, chicken, olives",522.0,560.658997
dish_1563393148,"broccoli, squash, zucchini",118.0,27.730003
dish_1562699570,brown rice,22.0,24.42
dish_1566931140,"cauliflower, avocado",199.0,126.700005
dish_1560360112,"berries, scrambled eggs, sausage",248.0,401.494019
dish_1566501473,"olives, carrot, lemon juice, almonds, cherry tomatoes, onions, tuna",371.0,413.942017
dish_1560368738,"olive oil, mustard, salt, lettuce, pumpkin seeds, mixed greens, carrot, asparagus, eggplant, arugula, vinegar",225.0,174.248901
dish_1558544870,"eggs, berries",170.0,198.354996
dish_1562170163,pineapple,107.0,53.5
dish_1562611522,cheese pizza,50.0,132.949997
dish_1562614158,"apple, white rice, vinegar, lemon juice, cranberries, olive oil, kale, pineapple, jalapenos, spinach (raw), steak, mustard, onions, salt, cilantro, garlic, broccoli",301.0,453.931671
dish_1562785369,"bulgur, salt, mustard greens, vinegar, lemon juice, basil, apple, cherry tomatoes, broccoli, shallots, olive oil, cranberries, parsley, pork, brown rice, arugula, onions, pepper, garlic",232.0,440.577881
dish_1563479568,"goat cheese, apple, salt, lemon juice, brussels sprouts, olive oil, mustard greens, arugula, pepper, figs",82.0,83.673561
dish_1562871731,bok choy,131.0,17.029999
dish_1562007789,"garlic, caesar salad, shallots, brussels sprouts, thyme, olive oil, lemon juice, parsley, pepper, arugula, salt, quinoa",322.0,302.954895
dish_1567537352,"cucumbers, bell peppers, lettuce, cherry tomatoes, vinaigrette, olives, feta cheese, onions",73.0,50.792469
dish_1563824279,"onions, olives",79.0,58.599998
dish_1568400935,mixed greens,42.0,11.76
dish_1558635994,grapes,136.0,93.839996
dish_1562611853,"salt, broccoli, chickpeas, parsley, mustard greens, olive oil, arugula, vinegar, pepper",243.0,267.213989
dish_1566592456,caesar salad,126.0,55.439999
dish_1562874250,"garlic, lime, fish, arugula, green beans, corn, carrot, chive, salt, nopales, parsley, sour cream, olive oil, jicama, pepper",393.0,394.440033
dish_1559844683,"broccoli, potatoes, grapes",198.0,132.959991
dish_1563305354,"salt, broccoli, onions, olive oil, orange juice, chili, beef, green onions, white rice, vinegar, kale, soy sauce, garlic, carrot, pepper",208.0,340.073578
dish_1561739805,"raspberries, broccoli, berries, sweet potato, scrambled eggs, cantaloupe, vinaigrette, mixed greens, blackberries, granola",1102.0,696.363525
dish_1558641954,cherry tomatoes,102.0,18.360001
dish_1564588688,sausage,43.0,148.178009
dish_1563205953,"yam, sweet potato, egg whites, pineapple, chicken apple sausage",298.0,218.769501
dish_1567526738,egg whites,433.0,225.159988
dish_1568048018,"turkey bacon, olive oil, scrambled eggs, broccoli",287.0,496.800018
dish_1561739930,sweet potato,79.0,60.040001
dish_1565898489,olives,40.0,46.0
dish_1560369146,"cherry tomatoes, shallots, lemon juice, basil, onions, brown rice, pepper, radishes, garlic, honeydew melons, olive oil, vinegar, mustard, spinach (raw), parsley, blueberries, pork, asparagus, salt, broccoli",359.0,474.832947
dish_1562783691,"mixed greens, grilled chicken",423.0,421.686005
dish_1565023128,"mixed greens, granola, blackberries, vinaigrette, raspberries",32.0,41.594833
dish_1559158354,broccoli,60.0,21.0
dish_1562183151,"olive oil, blueberries, pepper, vinegar, arugula, walnuts, salt, almonds, mushroom, green beans, spinach (raw), carrot, mustard, parsley, chard",195.0,108.392403
dish_1562094730,"mixed greens, parsley, squash, chicken thighs, green beans, mushroom, vinegar, eggplant, spinach (cooked), garlic, shallots, cherry tomatoes, wine, lemon juice, cucumbers, olive oil, quinoa, carrot, salt",336.0,428.194458
dish_1562007842,"caesar salad, garlic, pepper, arugula, quinoa, brussels sprouts, pork, thyme, parsley, lemon juice, couscous, shallots, carrot, jalapenos, mayonnaise, wheat berry, olive oil, cabbage, salt",434.0,492.281372
dish_1567525637,"bell peppers, garlic, salt, mustard, cucumbers, olive oil, vinegar, radishes",81.0,153.264771
dish_1561580431,"rosemary, basil, spinach (raw), vinegar, cheese, chicken, pepper, beef, shallots, spinach (cooked), onions, cream, wheat berry, white wine, caesar salad, garlic, pesto, lemon juice, butter, mushroom, arugula, millet, cherry tomatoes, pasta, salt, thyme, olive oil, oregano, bok choy",197.0,258.003418
dish_1560442226,berries,147.0,83.790001
dish_1564168695,pepperoni,78.0,385.007996
dish_1560360102,"berries, scrambled eggs, sausage",248.0,401.494019
dish_1558381742,olives,68.0,78.199997
dish_1564690167,"millet, pepper, spinach (raw), arugula, steak, lentils, vinegar, olive oil, lemon juice, salt, garlic, chickpeas, bell peppers, green beans, ketchup, onions, parsley, pears",207.0,251.781372
dish_1559844479,"mandarin oranges, grapes",133.0,83.449997
dish_1561060787,"brussels sprouts, olive oil, pepper, salt",91.0,46.464848
dish_1566331801,"tomatoes, salt, bell peppers, olive oil, onions, garlic, spinach (raw), jalapenos, chicken, millet, pepper",203.0,296.990997
dish_1558463429,grapes,61.0,42.09
dish_1563475953,"garlic, wine, pasta, spinach (raw), cream, sour cream, cauliflower, shallots, salmon, pineapple, ginger, jalapenos, brown rice, beef, mushroom, thyme, salt, olive oil, lemon juice, onions, lime, cilantro, chili, honeydew melons",453.0,427.446991
dish_1562698209,"millet, shallots, olive oil, onions, vinegar, beef, salt, bok choy, spinach (cooked)",135.0,284.133148
dish_1561576026,"vinegar, parmesan cheese, millet, bok choy, olives, roasted potatoes, beef, cheese pizza, salt, shallots, spinach (cooked), olive oil, onions",156.0,330.456177
dish_1564073677,"scrambled eggs, olive oil, sweet potato",92.0,108.967804
dish_1562788010,"salt, caesar salad, eggplant, olive oil, cantaloupe",182.0,67.643532
dish_1565109606,"olive oil, sweet potato",94.0,89.964882
dish_1561575661,"olive oil, blueberries, onions, shallots, salt, walnuts, spinach (cooked), beef, vinegar, chard, mustard, bok choy, millet, pepper, arugula",228.0,418.952423
dish_1562702853,"spinach (cooked), olive oil, feta cheese, vinegar, cherry tomatoes, millet, bok choy, vinaigrette, beef, shallots, lettuce, bell peppers, olives, salt, onions, cucumbers",169.0,272.567291
dish_1560888930,"wheat berry, arugula, white rice, chicken, celery root, mustard, onions, olive oil, vinegar, spinach (raw), shallots, garlic, roasted potatoes, cranberries, salt, parsley, lemon juice, thyme",151.0,224.931168
dish_1568056046,"olives, carrot, cherry tomatoes, onions",189.0,88.080002
dish_1565032748,"beef, arugula, orange juice, mustard, onions, broccoli, salt, green onions, strawberries, garlic, white rice, vinegar, squash, olive oil, chili, kale, figs, soy sauce",435.0,544.310486
dish_1558639089,grapes,28.0,19.32
dish_1565627751,"sweet potato, olive oil",72.0,68.909271
dish_1563221495,"garlic, salt, olive oil, wheat berry, thyme, parmesan cheese, spinach (raw), pepperoni pizza, chicken breast, cherry tomatoes",164.0,365.269897
dish_1562861174,"olive oil, mustard, cucumbers, salt, garlic, bell peppers, egg whites, bacon, radishes, vinegar",274.0,401.797852
dish_1567628099,"salt, chard, olive oil, mustard greens, lemon juice, cranberries, shallots, parsley, arugula, garlic, kale, apple, bulgur",132.0,127.493019
dish_1565984345,"garlic, thyme, onions, kale, salt, cauliflower, white rice, pepper, eggs, mushroom, cream, ground turkey, olive oil, celery, chive, carrot",353.0,210.357925
dish_1559842326,"almonds, mandarin oranges",106.0,334.483002
dish_1565021104,"waffles, tofu, egg whites",197.0,291.309021
dish_1563389042,"salt, carrot, olive oil, pepper",62.0,30.478174
dish_1567785165,"mixed greens, blackberries, raspberries, sausage, vinaigrette, granola",116.0,273.112488
dish_1556575558,"celery, olives, brussels sprouts",151.0,103.300003
dish_1565023157,"raspberries, vinaigrette, mixed greens, granola, blackberries, scrambled eggs",260.0,379.034851
dish_1562872223,"chicken, garlic, rosemary, wheat berry, squash, olive oil, thyme, pepper, spinach (raw), mushroom, bok choy, parsley, basil, salt, lemon juice, zucchini",468.0,306.862701
dish_1558026756,"honeydew melons, cantaloupe, bacon",178.0,183.860001
dish_1562615153,"goat cheese, thyme, garlic, parsley, lemon juice, jalapenos, vinegar, white rice, apple, radishes, salt, cilantro, chicken thighs, arugula, onions, olive oil, mustard greens, steak, kale, squash, brown rice, basil, pineapple, figs",286.0,468.202423
dish_1563307575,"orange juice, onions, garlic, soy sauce, green onions, salt, carrot, white rice, pepper, quinoa, beef, spinach (raw), vinegar, rosemary, olive oil, lemon juice, kale, broccoli, chili",419.0,671.082031
dish_1558637865,corn on the cob,67.0,71.086998
dish_1561752535,"cilantro, garlic, chili, salt, tortilla, onions, tomatoes, olive oil, chicken thighs, squash, caesar salad, turnips, cheese",307.0,358.001984
dish_1562173247,chilaquiles,149.0,290.550018
dish_1563997327,"carrot, salt, mustard, parsley, almonds, olive oil, blueberries, spinach (raw), vinegar",120.0,157.878067
dish_1566934120,"bok choy, salt, pepper, olive oil, thyme, arugula, brown rice, salmon, cauliflower",316.0,183.993713
dish_1563910639,"garlic, lime, chili, salt, onions, lemon juice, olive oil, cilantro, brown rice, spinach (raw), jalapenos, ginger, salmon, shallots",447.0,697.289185
dish_1565119418,cheese pizza,122.0,324.39798
dish_1559244649,"pepper, chive, olive oil, mustard greens, walnuts, basil, rosemary, garlic, brown rice, arugula, blueberries, chicken, chickpeas, lemon juice, vinegar, parsley, mustard, chard, cookies, salt",455.0,906.761047
dish_1563897338,cantaloupe,88.0,29.92
dish_1562603626,"sweet potato, bacon, olive oil, pineapple, berries",209.0,201.759506
dish_1561578623,"olive oil, onions, salt, millet, shallots, spinach (cooked), roasted potatoes, bok choy, beef, cauliflower, vinegar",208.0,208.514832
dish_1565021640,"egg whites, olive oil, sweet potato",500.0,304.581451
dish_1560442258,"bacon, berries",185.0,289.369995
dish_1564171935,"salmon, salt, thyme, olive oil, wheat berry, arugula, brown rice, pepper",309.0,476.337524
dish_1566835603,"olive oil, sweet potato",66.0,63.166828
dish_1565724087,"cranberries, lemon juice, onions, salt, garlic, chicken, arugula, wheat berry, thyme, olive oil, mustard, parsley, shallots, celery root, vinegar, spinach (raw)",160.0,230.61496
dish_1562602918,"chia seeds, milk, greek yogurt, sweet potato, strawberries, watermelon, egg whites",417.0,265.622253
dish_1559589873,mushroom,54.0,11.88
dish_1564168739,"pepperoni, sandwiches",164.0,585.302002
dish_1564432094,pepperoni pizza,63.0,177.659988
dish_1562950057,"scrambled eggs, roasted potatoes",223.0,320.100006
dish_1564169958,"chili, tomatoes, cilantro, olive oil, parsley, cucumbers, tortilla, onions, squash, chicken thighs, cheese, pepper, garlic, tatsoi, kale, lemon juice, zucchini, broccoli, salt",563.0,787.776489
dish_1562007904,"shallots, arugula, pepper, quinoa, mayonnaise, couscous, brussels sprouts, pork, wheat berry, thyme, lemon juice, caesar salad, salt, garlic, carrot, cherry tomatoes, jalapenos, olive oil, parsley, cabbage, olives",489.0,525.461365
dish_1562086067,"yam, berries",209.0,178.178009
dish_1560887408,pizza,122.0,324.52002
dish_1561663068,"lime, lettuce, mixed greens, olive oil, onions, cucumbers, vinegar, pepper, salt, cheese pizza, cherry tomatoes",168.0,332.892792
dish_1565808975,"cherry tomatoes, onions",130.0,35.720001
dish_1562170356,"turkey bacon, pineapple, watermelon, roasted potatoes, berries",432.0,385.333984
dish_1563391989,"bell peppers, broccoli, tomatoes, onions, squash, chicken thighs, pepper, fish, arugula, chili, garlic, cabbage, cilantro, salt, hominy, lemon juice, zucchini, olive oil, parsley, jalapenos, tomatillo, quinoa, lime",464.0,462.847504
dish_1566934152,"pepper, bok choy, quinoa, brown rice, mushroom, arugula, thyme, olive oil, chicken thighs, lemon juice, spinach (cooked), shallots, cauliflower, eggplant, squash, wine, garlic, salt, salmon",396.0,305.065247
dish_1568056019,"olives, cherry tomatoes, onions",131.0,64.300003
dish_1558378553,almonds,68.0,393.108002
dish_1560543682,roasted potatoes,86.0,121.259995
dish_1562963517,"fish, vinegar, mustard, lemon juice, salt, garlic, cilantro, jalapenos, pepper, quinoa, tomatillo, arugula, olive oil, onions, mixed greens, lettuce, carrot, pumpkin seeds",511.0,552.648376
dish_1566851222,"pepper, cabbage, vinegar, mayonnaise, shallots, onions, cucumbers, olive oil, garlic, pizza, carrot, salt, quinoa, jalapenos, wheat berry, pork, parsley, spinach (raw), lemon juice, arugula, mustard, thyme, sun dried tomatoes",375.0,550.827515
dish_1566333194,"bok choy, bell peppers, jalapenos, spinach (raw), onions, garlic, tomatoes, cheese pizza, salt, shallots, pepper, beef, vinegar, olive oil, spinach (cooked), chicken, millet",220.0,461.585266
dish_1562702813,"cucumbers, feta cheese, onions, olives, vinaigrette, cherry tomatoes, lettuce, bell peppers",59.0,41.051445
dish_1558550127,almonds,22.0,127.182007
dish_1559239753,"carrot, salt, pepper, olive oil",54.0,26.545507
dish_1561492161,"blueberries, vinegar, spinach (raw), radishes, garlic, salt, olive oil, mustard",43.0,48.309685
dish_1558628515,berries,56.0,31.92
dish_1561752563,"cheese, turnips, caesar salad, pepper, tatsoi, onions, cucumbers, kale, chili, lemon juice, garlic, parsley, squash, chicken thighs, olive oil, tortilla, salt, cilantro, tomatoes",367.0,373.507965
dish_1562777000,scrambled eggs,132.0,195.360001
dish_1563220109,"pepperoni pizza, salt, olive oil, squash, broccoli",174.0,184.735962
dish_1562096542,"parsley, salt, mixed greens, garlic, artichokes, olive oil, beets, green beans, vinegar",50.0,38.0896
dish_1562860073,"scrambled eggs, bacon, berries",259.0,357.809998
dish_1562963612,"pizza, caesar salad",156.0,184.080002
dish_1562961588,pizza,67.0,178.220001
dish_1558725786,corn on the cob,107.0,113.527
dish_1565640601,"parsley, rosemary, jalapenos, chicken breast, parmesan cheese, cilantro, lime, zucchini, lemon juice, garlic, mustard greens, thyme, arugula, spinach (raw), mangos, cherry tomatoes, asparagus, white rice, wheat berry, tomatoes, salt, pork, onions, cucumbers, olive oil",333.0,411.151825
dish_1565107171,"sweet potato, scrambled eggs, olive oil, egg whites, watermelon, grapes",724.0,501.884644
dish_1563913627,"olive oil, figs, salt, cheese pizza, cucumbers, mustard, cherry tomatoes, chard, spinach (raw), vinegar",109.0,230.333145
dish_1561753275,"arugula, brown rice, squash, olive oil, cucumbers, lemon juice, parsley, garlic, pineapple, salmon, pepper, tatsoi, thyme, kale, salt",397.0,330.034393
dish_1558640418,carrot,35.0,14.349999
dish_1561576978,"shallots, walnuts, oregano, chicken, arugula, olive oil, mustard, mushroom, rosemary, eggplant, chard, wheat berry, cream, white wine, beef, salt, spinach (cooked), thyme, garlic, basil, lemon juice, onions, vinegar, blueberries, bok choy, millet, pepper, butter",341.0,511.614227
dish_1563479655,"lime, cilantro, thyme, olive oil, jalapenos, cauliflower, beef, pepper, salt, broccoli, wine, brussels sprouts, sour cream, brown rice, ginger, spinach (raw), mushroom, figs, garlic, arugula, cream, apple, salmon, pasta, goat cheese, chili, shallots, mustard greens, lemon juice, onions",282.0,321.230652
dish_1564170071,onions,35.0,14.0
dish_1559844113,"strawberries, pears, mandarin oranges, almonds",356.0,312.955017
dish_1561667430,"soy sauce, white rice, sugar, salt, pork, pepper, bok choy, garlic",166.0,342.213593
dish_1560799647,"garlic, spinach (raw), squash, pork, mustard, pizza, parsley, salt, rosemary, white rice, apple, arugula, vinegar, olive oil, cranberries, zucchini, onions",474.0,723.409973
dish_1568313575,"mushroom, mixed greens, avocado",112.0,57.940002
dish_1562790321,"salt, pepper, walnuts, olive oil, pizza, chard, mustard, vinegar, arugula, grilled chicken, eggplant, blueberries",354.0,767.469849
dish_1559845767,"pears, mandarin oranges, potatoes",375.0,236.23201
dish_1565032680,"figs, arugula, vinegar, strawberries, salt, olive oil, mustard",208.0,280.281769
dish_1561134128,"berries, watermelon",141.0,58.5
dish_1560889032,"salt, thyme, carrot, garlic, olive oil, parsley, lemon juice, spinach (raw), chicken, wheat berry, pepper, shallots",208.0,246.868225
dish_1566501352,"cherry tomatoes, onions, olives, carrot",170.0,75.529999
dish_1558550218,"almonds, grapes, apple",206.0,230.001999
dish_1562959190,"fish, pepper, blueberries, chard, mustard, olive oil, garlic, raspberries, roasted potatoes, carrot, quinoa, tomatillo, almonds, lemon juice, jalapenos, pizza, arugula, onions, artichokes, parsnips, cilantro, salt, vinegar",378.0,518.801147
dish_1563303350,"chicken, carrot, spinach (raw), parsley, wheat berry, thyme, olive oil, lemon juice, pepper, salt, shallots, garlic",167.0,202.221436
dish_1563222830,"broccoli, white rice, wheat berry, spinach (raw), zucchini, onions, arugula, garlic, salt, chicken breast, cherry tomatoes, pork, pepperoni pizza, parmesan cheese, parsley, rosemary, thyme, olive oil",211.0,325.068085
dish_1560802764,"garlic, cherry tomatoes, chicken breast, wheat berry, thyme, kale, bulgur, chickpeas, salt, pepper, spinach (raw), parmesan cheese, squash, olive oil, parsley, lemon juice",99.0,111.832207
dish_1561666849,"mixed greens, lime, cheese pizza, lettuce, cucumbers, onions, olive oil, corn on the cob, vinegar, pepper, cherry tomatoes, salt, caesar salad",298.0,347.594604
dish_1563305913,"croutons, apple, mushroom, vinegar, spinach (raw), parmesan cheese, mustard, onions, cranberries, caesar dressing, olive oil, kale, salt",107.0,89.652504
dish_1562963006,"cilantro, tomatillo, quinoa, fish, arugula, pepper, salt, onions, lemon juice, olive oil, jalapenos, garlic",247.0,259.097229
dish_1563219035,"white rice, garlic, celery, arugula, pepperoni pizza, rosemary, pork, onions, parsley, olive oil, zucchini, salt, olives",221.0,410.209686
dish_1560541760,"vinegar, chard, ginger, garlic, white rice, mustard, olive oil, spinach (raw), blueberries, green beans, arugula, pepper, cauliflower, chicken, broccoli, salt, walnuts, green onions, soy sauce",372.0,465.58374
dish_1562603598,"berries, bacon, sweet potato, olive oil",156.0,175.259506
dish_1561753623,"olive oil, thyme, squash, salt, salmon, pepper, arugula, brown rice",149.0,159.310791
dish_1562702132,"fish, cucumbers, olive oil, parsley, arugula, squash, lentils, corn, cherry tomatoes, chive, salt, garlic, mixed greens, artichokes, carrot, snow peas, vinegar, cauliflower, pepper",359.0,245.385895
dish_1567106693,"cherry tomatoes, onions, chicken, bell peppers, carrot",417.0,359.160004
dish_1565725244,"parmesan cheese, cherry tomatoes, chicken, bell peppers, carrot, olives, onions, caesar dressing",590.0,573.546021
dish_1563302447,"lettuce, shallots, salt, blue cheese, lemon juice, thyme, olive oil, wheat berry, chicken, walnuts, garlic, carrot, roasted potatoes, parsley, mustard, mushroom, vinegar, spinach (raw), pepper, mixed greens",440.0,561.417053
dish_1564686657,cheese pizza,105.0,279.194977
dish_1561747075,"garlic, tomatoes, onions, salt, tortilla, chili, olive oil, chicken thighs, cilantro, cheese",301.0,646.588074
dish_1566419635,"roasted potatoes, caesar salad, thyme, rosemary, cream, green beans, wheat berry, mushroom, oregano, arugula, pepper, shallots, garlic, cheese pizza, white wine, olive oil, butter, lemon juice, basil, chicken, salt",389.0,605.871704
dish_1558639630,corn on the cob,110.0,116.709999
dish_1558722068,almonds,31.0,179.210999
dish_1565196260,egg whites,143.0,74.360001
dish_1561749857,"arugula, brown rice, cucumbers, salmon, cherry tomatoes, pepper, radishes, salt, broccoli, brussels sprouts, olive oil, thyme",447.0,366.579254
dish_1564761457,"fried rice, turkey bacon, egg whites",223.0,287.306
dish_1561405034,"mustard, soy sauce, salt, green onions, spinach (raw), parmesan cheese, green beans, croutons, vinegar, chicken, garlic, tomatoes, broccoli, cucumbers, kale, caesar dressing, olive oil, mustard greens, ginger, olives, white rice",153.0,178.278091
dish_1562872150,mushroom,34.0,7.48
dish_1560454539,"green beans, vinegar, wild rice, cherry tomatoes, parsley, carrot, salt, mixed greens, garlic, olive oil, cucumbers",119.0,122.274002
dish_1561578373,"cheese pizza, bell peppers, caesar salad, lettuce, cucumbers, onions, feta cheese, olives, cherry tomatoes, vinaigrette",132.0,164.49585
dish_1562873224,"fish, pepper, chive, corn, jicama, green beans, parsley, olive oil, garlic, lime, salt, bok choy, nopales, arugula, sour cream, carrot",436.0,261.856628
dish_1562963033,"lemon juice, onions, salt, cilantro, garlic, pepper, quinoa, fish, tomatillo, roasted potatoes, olive oil, arugula, jalapenos",316.0,356.387299
dish_1562613403,"vinegar, steak, squash, jalapenos, lemon juice, mustard greens, cilantro, pineapple, white rice, apple, kale, arugula, broccoli, olive oil, onions, goat cheese, garlic, salt, figs",315.0,398.703369
dish_1563391681,"fish, blueberries, vinegar, arugula, chard, onions, pecans, olive oil, garlic, cilantro, salt, quinoa, pepper, tomatillo, jalapenos, lemon juice, mustard",143.0,154.317169
dish_1559934645,caesar salad,56.0,24.639999
dish_1563391708,"lemon juice, pecans, onions, blueberries, jalapenos, pepper, fish, tomatillo, garlic, cilantro, salt, mustard, pizza, olive oil, arugula, vinegar, chard, quinoa",205.0,319.237152
dish_1562615324,"pineapple, garlic, roasted potatoes, onions, salt, lemon juice, kale, vinegar, jalapenos, steak, white rice, cilantro",136.0,258.315979
dish_1563304261,"kale, croutons, caesar dressing, parmesan cheese",37.0,30.210915
dish_1563823894,"cucumbers, olive oil, turnips, tatsoi, parsley, salt, steak, wheat berry, pepper, lime, cauliflower, garlic, lemon juice, kale",400.0,368.341003
dish_1558629644,mixed greens,15.0,4.2
dish_1559675178,"carrot, cherry tomatoes, brussels sprouts",100.0,28.970001
dish_1562611620,"pineapple, white rice, jalapenos, steak, pepperoni pizza, vinegar, onions, lemon juice, kale, garlic, cilantro, salt",76.0,199.845322
dish_1563205927,"egg whites, yam, sweet potato, chicken apple sausage",181.0,160.269501
dish_1562775510,"olive oil, egg whites, salt, sweet potato, pepper, brussels sprouts",190.0,114.217117
dish_1562872914,"jicama, sour cream, fish, arugula, pepper, corn, lime, garlic, carrot, chive, parsley, nopales, olive oil, salt",124.0,135.399673
dish_1566331914,"almonds, spinach (raw), arugula, pepper, salt, chicken, fried rice, garlic, raspberries, onions, brussels sprouts, blueberries, vinegar, chard, jalapenos, millet, bell peppers, carrot, tomatoes, mustard, olive oil",481.0,589.501648
dish_1562096401,"chicken thighs, lemon juice, mushroom, wine, green beans, quinoa, salt, garlic, spinach (cooked), shallots, olive oil, cucumbers, eggplant, squash",352.0,366.863678
dish_1561578344,"onions, cucumbers, cheese pizza, lettuce, olives, bell peppers, vinaigrette, cherry tomatoes, feta cheese",86.0,144.255859
dish_1563566810,"mustard, olive oil, cucumbers, cherry tomatoes, figs, salt, vinegar, wild rice, olives, wheat berry, chard, spinach (raw)",331.0,392.292175
dish_1565724196,"olive oil, broccoli",82.0,45.68
dish_1562873495,"caesar salad, cheese pizza",152.0,140.106995
dish_1562614895,broccoli,148.0,51.799999
dish_1568313487,mixed greens,49.0,13.72
dish_1563217736,broccoli,67.0,23.449999
dish_1558723847,almonds,96.0,554.976013
dish_1566844850,"cabbage, pepper, wheat berry, pork, mayonnaise, jalapenos, pepperoni pizza, parsley, olive oil, lemon juice, garlic, caesar salad, carrot, salt",345.0,491.235168
dish_1560367733,"vinegar, cherry tomatoes, white rice, croutons, garlic, broccoli, lemon juice, olive oil, pork, brown rice, pepper, potatoes, shallots, onions, basil, parsley, salt",388.0,661.441162
dish_1568666032,"tomatoes, pepper, millet, spinach (raw), kale, bell peppers, caesar salad, tatsoi, cheese pizza, chicken, olive oil, jalapenos, cucumbers, lemon juice, parsley, onions, garlic, salt",220.0,243.584183
dish_1565021054,"tofu, waffles",144.0,263.749023
dish_1560357267,scrambled eggs,383.0,566.840027
dish_1561575327,"olive oil, onions, roasted potatoes, bell peppers, salt, spinach (cooked), shallots, bok choy, millet, beef, vinegar",289.0,453.680054
dish_1564686702,"cheese pizza, olives",130.0,307.944977
dish_1563827132,"cheese pizza, broccoli, squash, caesar salad, zucchini, pineapple",302.0,240.020004
dish_1567024252,"quinoa, wine, chicken thighs, cauliflower, lemon juice, garlic, shallots, spinach (cooked), roasted potatoes, cheese pizza, chayote squash, squash, eggplant, zucchini, mushroom, olive oil, salt, greek salad",454.0,512.015808
dish_1563309353,"wheat berry, olive oil, spinach (raw), cherry tomatoes, chicken, olives, parsley, bell peppers, garlic, shallots, lettuce, salt, lemon juice, thyme",529.0,625.236877
dish_1561752481,"tortilla, tomatoes, cheese, garlic, squash, cilantro, chili, salt, onions, chicken thighs, olive oil",169.0,297.979553
dish_1565725009,olives,44.0,50.599998
dish_1558459994,grapes,37.0,25.530001
dish_1561654707,scrambled eggs,135.0,199.800003
dish_1562096512,"beets, vinegar, mixed greens, salt, artichokes, garlic, parsley, olive oil",25.0,30.3396
dish_1564518488,"garlic, spinach (cooked), cheese pizza, shallots, lemon juice, wine, chicken thighs, squash, eggplant, mushroom, olive oil, quinoa, salt",117.0,248.09465
dish_1565118029,"chicken breast, cheese pizza, cherry tomatoes, bell peppers, tuna",453.0,595.140015
dish_1566934430,"chive, fish, pepper, garlic, onions, bell peppers, lime, artichokes, arugula, olive oil, parsley, snow peas, cookies, white beans, salt, cheese pizza",361.0,519.542847
dish_1565117934,"chicken breast, tuna",235.0,352.315979
dish_1558114569,grapes,39.0,26.91
dish_1559678146,"carrot, vinegar, olive oil, parsley, onions, mixed greens, garlic, bok choy, millet, beef, cherry tomatoes, shallots, eggplant, cucumbers, broccoli, salt, spinach (cooked)",284.0,348.57666
dish_1560441487,"berries, cantaloupe",88.0,41.419998
dish_1560874726,"berries, bacon, yam",145.0,177.492004
dish_1563221519,"cherry tomatoes, chicken breast, pepperoni pizza, thyme, parmesan cheese, wheat berry, spinach (raw), olive oil, broccoli, salt, garlic",206.0,379.96991
dish_1562605315,scrambled eggs,147.0,217.559998
dish_1561752680,cheese pizza,175.0,465.324982
dish_1568665012,"garlic, salt, tomatoes, onions, brussels sprouts, jalapenos, spinach (raw), millet, chicken, bell peppers, cucumbers, mustard, olive oil, mustard greens, vinegar, pepper",268.0,327.420563
dish_1568313676,"mixed greens, avocado, chicken, mushroom, onions",214.0,184.990005
dish_1558460061,grapes,59.0,40.709999
dish_1558468401,avocado,47.0,75.200005
dish_1568320427,"olive oil, onions, cheese pizza, spinach (cooked), shallots, salt, bok choy, millet, beef, vinegar, quinoa, green beans",240.0,450.764099
dish_1563910676,"brown rice, ginger, radishes, mustard, shallots, lime, chili, olive oil, blueberries, vinegar, spinach (raw), garlic, cilantro, salmon, onions, salt, lemon juice, jalapenos",501.0,757.957092
dish_1563550584,egg whites,145.0,75.399994
dish_1560798785,"cheese pizza, tofu, cauliflower, broccoli",310.0,379.652008
dish_1565379377,"garlic, sugar, salt, soy sauce, caesar salad, carrot, white rice, bok choy, pepper, olive oil, pork",397.0,470.011047
dish_1565725188,"carrot, bell peppers, chicken, parmesan cheese, onions, cherry tomatoes, olives",521.0,543.117004
dish_1563910530,"salmon, shallots, garlic, onions, cilantro, salt, olive oil, ginger, jalapenos, brown rice, spinach (raw), lime, lemon juice, chili",214.0,333.825195
dish_1565725123,"cherry tomatoes, olives, bell peppers, carrot, chicken",444.0,430.269989
dish_1566413445,"chicken, avocado, spinach (raw), broccoli, olives",360.0,377.830017
dish_1558637698,cauliflower,49.0,12.25
dish_1563555605,"scrambled eggs, pineapple, roasted potatoes, bacon",403.0,537.809998
dish_1559244598,cookies,51.0,250.919998
dish_1561576954,"shallots, vinegar, mushroom, chard, blueberries, mustard, salt, basil, walnuts, lemon juice, white wine, chicken, pepper, cream, thyme, wheat berry, arugula, olive oil, eggplant, oregano, rosemary, butter, garlic",262.0,345.343719
dish_1567020417,"chive, wheat berry, chard, spinach (raw), garlic, parsley, olive oil, shallots, kale, fish, cherry tomatoes, pepper, chicken, lemon juice, thyme, brussels sprouts, broccoli, salt",348.0,313.761383
dish_1561666794,"cheese pizza, caesar salad",97.0,138.097
dish_1561665452,"chard, brown rice, vinegar, olive oil, basil, salt, millet, chive, carrot, apple, chicken, onions, corn on the cob, lemon juice, parsley, rosemary, garlic, mixed greens",431.0,624.853943
dish_1566488981,"cantaloupe, sweet potato, olive oil, egg whites",486.0,279.328308
dish_1566317711,oatmeal,182.0,123.760002
dish_1562010048,"jalapenos, cabbage, pork, wheat berry, pepper, salt, carrot, garlic, lemon juice, mayonnaise, parsley, olive oil",199.0,407.132263
dish_1560368944,"pork, basil, lemon juice, olive oil, garlic, shallots, salt, broccoli, cherry tomatoes, pepper, vinegar, parsley, onions, brown rice",66.0,143.540421
dish_1562789328,"broccoli, tofu, corn on the cob, vinegar, lemon juice, shallots, salt, cherry tomatoes, pork, brown rice, onions, parsley, basil, caesar salad, olive oil, garlic, pepper, cheese pizza",503.0,656.551575
dish_1563393366,"garlic, arugula, quinoa, pepper, jalapenos, squash, lemon juice, broccoli, fish, tomatillo, olive oil, zucchini, onions, salt, cilantro",178.0,89.85463
dish_1564160161,bagels,97.0,242.5
dish_1565207896,"apple, lemon juice, bulgur, salt, cranberries, olive oil, brussels sprouts, mustard greens, garlic, arugula, tofu, pepper, parsley, shallots",383.0,298.380798
dish_1560976044,wheat berry,137.0,124.670006
dish_1560788338,yogurt,121.0,71.268997
dish_1564518586,"cucumbers, vinegar, zucchini, carrot, spinach (cooked), mixed greens, lettuce, quinoa, eggplant, wine, squash, mushroom, broccoli, lime, lemon juice, onions, olive oil, salt, cheese pizza, shallots, garlic, pepper, cherry tomatoes, chicken thighs",315.0,361.413239
dish_1561575688,"olive oil, chard, vinegar, millet, bok choy, shallots, salt, onions, blueberries, arugula, beef, pepper, walnuts, roasted potatoes, spinach (cooked), mustard",362.0,607.892395
dish_1568060697,"onions, avocado, mixed greens",161.0,133.880005
dish_1558115364,"potatoes, deprecated, almonds, bacon",313.0,485.26001
dish_1565810146,"lettuce, carrot, salt, pumpkin seeds, mustard, olive oil, vinegar, arugula, mixed greens",29.0,36.445538
dish_1557853154,strawberries,57.0,18.810001
dish_1563811662,"scrambled eggs, brussels sprouts, olive oil, pepper, salt, strawberries",254.0,245.733765
dish_1565727851,"broccoli, parmesan cheese, chicken, olives, mixed greens",305.0,406.473999
dish_1558720396,corn on the cob,90.0,95.489998
dish_1563468199,pineapple,107.0,53.5
dish_1560444724,"watermelon, honeydew melons",343.0,113.280006
dish_1561739623,"broccoli, sweet potato",348.0,156.240005
dish_1558463690,"grapes, cherry tomatoes, almonds",241.0,432.95401
dish_1563479526,"salt, apple, arugula, lemon juice, mustard greens, goat cheese, olive oil, figs",51.0,67.844879
dish_1564588719,"chilaquiles, sausage",81.0,222.278015
dish_1563811463,"olive oil, egg whites, sweet potato, cantaloupe",376.0,220.585373
dish_1562183125,"blueberries, arugula, mushroom, chard, vinegar, pepper, olive oil, spinach (raw), walnuts, carrot, salt, mustard, parsley, almonds",131.0,88.552399
dish_1560369403,"shallots, asparagus, fish, white rice, brown rice, pork, cherry tomatoes, pepper, vinegar, country rice, parsley, olive oil, basil, lemon juice, salt, broccoli, onions, green onions, garlic",405.0,411.967804
dish_1563464651,"cream cheese, cucumbers, bagels",130.0,312.0
dish_1558381860,avocado,59.0,94.400002
dish_1558462106,grapes,37.0,25.530001
dish_1562945879,"succotash, vinaigrette, cantaloupe, honeydew melons, granola, blackberries, mixed greens, raspberries, berries",234.0,174.425323
dish_1566332040,spinach (raw),65.0,14.95
dish_1563222775,"white rice, garlic, olive oil, parsley, zucchini, onions, rosemary, salt, pork, arugula, pepperoni pizza",75.0,190.584213
dish_1562184663,"chard, kale, lemon juice, shallots, bacon, fish, cherry tomatoes, garlic, chive, salt, olive oil, wheat berry, parsley, steak",271.0,600.540405
dish_1563898722,"broccoli, scrambled eggs",303.0,343.350006
dish_1568315988,tofu,69.0,50.370003
dish_1558723073,cherry tomatoes,90.0,16.200001
dish_1563309189,olives,33.0,37.950001
dish_1563827086,"cheese pizza, caesar salad",175.0,199.044998
dish_1560974009,"olive oil, chicken thighs, arugula, pepper, lemon juice, broccoli, tomatoes, bell peppers, pecans, garlic, orange, wheat berry, jalapenos, raisins, hominy, chili, cabbage, lime, mustard, salt, parsley",409.0,482.983063
dish_1565811588,"garlic, radishes, jalapenos, chicken thighs, olive oil, mustard, tomatoes, chili, lemon juice, bell peppers, spinach (raw), vinegar, blueberries, parsley, lime, cabbage, salt, hominy",263.0,348.484161
dish_1568666184,lettuce,190.0,28.500002
dish_1567628069,"garlic, arugula, parsley, mustard greens, olive oil, cranberries, lemon juice, salt, bulgur, shallots, apple",73.0,107.433014
dish_1563555072,scrambled eggs,112.0,165.76001
dish_1564518512,"eggplant, mushroom, spinach (cooked), cheese pizza, olive oil, chicken thighs, squash, shallots, quinoa, garlic, wine, carrot, pepper, salt, lemon juice",163.0,270.70752
dish_1559751775,"berries, eggs, yam",254.0,309.235992
dish_1564685450,"pepper, mixed greens, bell peppers, steak, vinegar, cherry tomatoes, millet, salt, lettuce, lime, olive oil, onions, cucumbers, spinach (raw), pizza, ketchup",288.0,623.007507
dish_1561580659,"salt, olive oil, cherry tomatoes, beef, feta cheese, cauliflower, spinach (cooked), olives, lettuce, bell peppers, millet, cucumbers, onions, shallots, vinegar, vinaigrette, bok choy",480.0,754.353577
dish_1558109907,grapes,63.0,43.470001
dish_1565023182,"granola, mixed greens, blackberries, raspberries, vinaigrette, scrambled eggs, bacon",308.0,638.714844
dish_1563822663,"couscous, cauliflower, wheat berry, steak, squash, zucchini, olive oil, lime, caesar salad, garlic, broccoli, salt",317.0,303.099365
dish_1561753649,"brown rice, squash, cucumbers, salmon, pepper, salt, thyme, olive oil, arugula",196.0,164.010803
dish_1566501126,"spinach (raw), carrot, parmesan cheese, olives, chicken, avocado",369.0,564.917969
dish_1566317801,"raspberries, blackberries, brown sugar, oatmeal",420.0,275.399994
dish_1562173175,"milk, chia seeds, greek yogurt",163.0,165.366608
dish_1558027057,yam,65.0,80.665001
dish_1568400967,"broccoli, mixed greens",113.0,36.610001
dish_1565726887,"roasted potatoes, arugula, vinegar, olive oil, cranberries, salt, onions, broccoli, mustard, celery root",172.0,174.015305
dish_1566590536,"carrot, salt, pepper, olive oil",51.0,25.070757
dish_1564516397,"olives, cherry tomatoes",59.0,36.809998
dish_1559841908,"grapes, broccoli, pears",304.0,175.162018
dish_1562876756,"salt, squash, bok choy, spinach (raw), parsley, lemon juice, thyme, cheese pizza, caesar salad, chicken, wheat berry, green beans, basil, rosemary, zucchini, olive oil, garlic, country rice, pepper",322.0,354.596863
dish_1563309398,"salt, spinach (raw), lemon juice, olives, bell peppers, lettuce, garlic, chicken, cherry tomatoes, wheat berry, parsley, thyme, olive oil, shallots, carrot",604.0,655.986816
dish_1563217968,"white rice, lemon juice, tomatoes, cucumbers, onions, jalapenos, arugula, garlic, salt, lime, rosemary, broccoli, mustard greens, olive oil, pork, parsley, mangos, zucchini, cherry tomatoes, cilantro",244.0,252.792709
dish_1562007866,"caesar salad, quinoa, jalapenos, pork, parsley, lemon juice, garlic, shallots, carrot, pepper, cherry tomatoes, mayonnaise, arugula, olive oil, wheat berry, thyme, brussels sprouts, cabbage, salt, couscous",465.0,497.861359
dish_1560370114,asparagus,39.0,7.956
dish_1568061320,"cherry tomatoes, white rice, squash, pork, arugula, rosemary, thyme, olive oil, brussels sprouts, cheese pizza, salt, garlic, pineapple, wheat berry, onions, spinach (raw), parmesan cheese, zucchini, parsley, quinoa, pepper, chicken breast",491.0,535.839905
dish_1559320019,"pineapple, sweet potato, bacon, berries",205.0,196.820007
dish_1560887457,"caesar dressing, olive oil, pizza, kale, salt, croutons, parmesan cheese, eggplant",246.0,389.264343
dish_1558724633,broccoli,94.0,32.899998
dish_1564170474,"zucchini, squash, broccoli",168.0,39.480003
dish_1567625343,"chard, avocado, kale",74.0,65.480003
dish_1565726848,"celery root, salt, broccoli, mustard, onions, olive oil, cranberries, vinegar, arugula",121.0,102.105309
dish_1559675268,"cherry tomatoes, carrot, bell peppers, brussels sprouts, cucumbers",144.0,39.370003
dish_1563984729,"scrambled eggs, chicken apple sausage",321.0,495.720032
dish_1568405430,"green onions, rice noodles, cucumbers, spinach (raw), tomatoes, olive oil, garlic, mustard greens, carrot, salt, radishes, mixed greens, mustard, vinegar, cabbage, soy sauce",121.0,119.099396
dish_1565727821,"parmesan cheese, chicken, mixed greens, broccoli",196.0,281.123993
dish_1566933454,"pears, bok choy, salt, arugula, lemon juice, parsley, olive oil, garlic, chickpeas, pepper",154.0,121.741409
dish_1559751458,yam,123.0,152.643005
dish_1558468589,mushroom,55.0,12.1
dish_1558641037,apple,117.0,60.839996
dish_1565898758,"tuna, olives, green beans, spinach (raw), ginger, brown rice, shallots, garlic, cilantro, carrot, cherry tomatoes, salmon, jalapenos, lemon juice, olive oil, onions, salt, lime, chili",612.0,612.990295
dish_1562614980,"pineapple, chicken thighs, vinegar, mushroom, onions, lemon juice, basil, olive oil, jalapenos, kale, salt, radishes, white rice, brown rice, arugula, parsley, steak, thyme, cilantro, garlic, broccoli",485.0,566.146057
dish_1562702412,"cauliflower, bell peppers, quinoa, cucumbers, onions, lettuce, olive oil, feta cheese, cherry tomatoes, vinaigrette, olives",285.0,183.389359
dish_1567542778,cheese pizza,98.0,260.582001
dish_1558468435,broccoli,80.0,28.0
dish_1559059954,bacon,20.0,108.199997
dish_1560368138,"cherry tomatoes, mushroom",123.0,23.5
dish_1559238481,orange,127.0,59.689999
dish_1568665970,"cheese pizza, caesar salad",167.0,202.182007
dish_1566931650,"mixed greens, olives, chicken, avocado, broccoli, parmesan cheese",488.0,610.869019
dish_1561061630,"apple, caesar dressing, olive oil, cranberries, bulgur, shallots, croutons, arugula, parmesan cheese, mustard greens, parsley, kale, lemon juice, salt, garlic",150.0,186.683746
dish_1563294441,"pineapple, watermelon",162.0,65.199997
dish_1563910708,"blueberries, vinegar, lemon juice, mustard, olive oil, green beans, lime, salt, garlic, shallots, radishes, salmon, spinach (raw), ginger, onions, brown rice, jalapenos, chili, cilantro",555.0,786.212585
dish_1558547205,"potatoes, almonds, spinach (raw), white rice",186.0,291.174988
dish_1565897569,"wheat berry, cauliflower, garlic, olive oil, salt, steak, lime",150.0,324.913513
dish_1559841891,"grapes, pears",272.0,163.962006
dish_1558641442,"cauliflower, cantaloupe, corn on the cob",211.0,103.386002
dish_1558031566,bacon,26.0,140.660004
dish_1565034330,"soy sauce, garlic, white rice, chili, orange juice, olive oil, onions, green onions, kale, salt, cauliflower, vinegar, broccoli, beef, roasted potatoes",483.0,614.015503
dish_1563306039,"chicken, orange juice, green onions, white rice, mushroom, shallots, lemon juice, garlic, cranberries, caesar dressing, olive oil, thyme, salt, parsley, roasted potatoes, croutons, apple, wheat berry, spinach (raw), parmesan cheese, vinegar, kale, mustard, onions, beef, broccoli, soy sauce, chili",326.0,493.637207
dish_1562614121,"broccoli, salt, olive oil, mustard, onions, cranberries, vinegar, spinach (raw), apple",155.0,123.492508
dish_1564171888,"brown rice, arugula, salt, pepper, thyme, salmon, olive oil",194.0,345.125885
dish_1562949541,"turkey bacon, bok choy, olive oil, scrambled eggs, berries",374.0,494.225647
dish_1558114875,deprecated,143.0,74.360001
dish_1561666640,"cantaloupe, grapes",90.0,48.800003
dish_1560539368,"quinoa, cilantro, salt, garlic, lemon juice, onions, arugula, jalapenos, olive oil, carrot, caesar salad, fish, pepper, tomatillo",314.0,238.814514
dish_1561665706,"chickpeas, corn on the cob, pizza",228.0,386.348969
dish_1562010369,"carrot, pepper, olive oil, wheat berry, pork, jalapenos, mayonnaise, lemon juice, cabbage, parsley, salt, garlic",69.0,141.166443
dish_1558636028,"grapes, corn on the cob, cantaloupe, almonds",262.0,199.347992
dish_1564685229,"green beans, cherry tomatoes, steak, bell peppers, lime, olive oil, ketchup, vinegar, spinach (raw), pepper, millet, mixed greens, onions, salt, lettuce, cucumbers",347.0,591.435242
dish_1558631904,apple,154.0,80.079994
dish_1561049373,"scrambled eggs, bacon",146.0,290.75
dish_1564601638,"olive oil, kale, cherry tomatoes, chard, turnips, salt, chive, thyme, shallots, garlic, buttermilk, chicken, pepper, flour, roasted potatoes, fish, brussels sprouts, vegetable oil, parsley, lemon juice, wheat berry",541.0,712.456421
dish_1562603536,bacon,14.0,75.739998
dish_1561578156,"eggplant, olive oil, salt",97.0,31.990978
dish_1565195398,"chicken apple sausage, olive oil, sweet potato",126.0,135.37854
dish_1558638216,white rice,43.0,55.899998
dish_1562704640,"beef, salt, olive oil, shallots, spinach (cooked), onions, squash, vinegar, bok choy, millet, cauliflower, cheese pizza",275.0,333.281311
dish_1563813395,"salt, pepper, brussels sprouts, olive oil, bacon, pineapple, sausage",193.0,371.862915
dish_1565981802,"carrot, salt, tofu, pepper, olive oil",152.0,99.754425
dish_1564170098,"onions, olives",67.0,50.799999
dish_1558636902,carrot,95.0,38.950001
dish_1563898813,"olive oil, mustard, cucumbers, bell peppers, broccoli, salt, garlic, scrambled eggs, radishes, bacon, vinegar",382.0,626.508484
dish_1563910276,"olive oil, onions, salt, lemon juice, cilantro, chili, shallots, salmon, garlic, ginger, jalapenos, brown rice, spinach (raw), lime",241.0,375.94339
dish_1558640074,apple,116.0,60.32
dish_1563308323,carrot,66.0,27.059999
dish_1558636928,cherry tomatoes,89.0,16.02
dish_1562872182,"mushroom, bok choy",296.0,41.539997
dish_1565107211,"salsa, sweet potato, scrambled eggs, olive oil, egg whites, watermelon, grapes",799.0,523.634644
dish_1560802562,"olive oil, lemon juice, bulgur, salt, kale, parsley, chickpeas, pepper",5.0,8.853207
dish_1558722322,carrot,92.0,37.720001
dish_1562169729,"brussels sprouts, salt, pepper, olive oil",50.0,25.530136
dish_1566501258,onions,30.0,12.0
dish_1563811439,"cantaloupe, egg whites",289.0,137.319992
dish_1566419546,"caesar salad, cheese pizza",177.0,306.436981
dish_1557853229,eggs,126.0,195.929993
dish_1565811287,bok choy,127.0,16.51
dish_1559843690,"strawberries, potatoes, broccoli",134.0,61.740002
dish_1562947409,"pineapple, berries",190.0,103.190002
dish_1563217993,"mangos, pork, garlic, onions, jalapenos, lemon juice, cucumbers, olive oil, mustard greens, parsley, tomatoes, salt, cherry tomatoes, squash, white rice, zucchini, arugula, rosemary, broccoli, cilantro, lime",337.0,279.708801
dish_1561580322,"caesar salad, wheat berry",76.0,44.25
dish_1558550079,apple,142.0,73.839996
dish_1561664013,"chicken, garlic, white rice, pepper, brown rice, pork, olive oil, sugar, lemon juice, basil, carrot, bok choy, chard, parsley, rosemary, salt, chive, soy sauce",163.0,280.443024
dish_1563480534,"garlic, wine, lemon juice, onions, jalapenos, brown rice, mushroom, beef, pasta, cauliflower, shallots, chili, cilantro, lime, salt, broccoli, sour cream, olive oil, thyme, cream, spinach (raw), ginger, salmon",576.0,797.566895
dish_1558375506,deprecated,142.0,73.839996
dish_1559838214,bacon,8.0,43.279999
dish_1566501153,"olives, carrot, spinach (raw), parmesan cheese, chicken, avocado, olive oil",419.0,1006.917969
dish_1562689645,"bacon, olive oil, scrambled eggs, broccoli",169.0,302.431702
dish_1567625392,"bulgur, parsley, cranberries, olive oil, mustard greens, shallots, chard, kale, arugula, lemon juice, garlic, avocado, apple, salt",171.0,208.233475
dish_1562613340,"apple, steak, arugula, onions, lemon juice, olive oil, garlic, mustard greens, cilantro, salt, pineapple, white rice, kale, jalapenos, vinegar, goat cheese, figs",189.0,349.389069
dish_1561578461,"beef, salt, bell peppers, olive oil, cucumbers, lettuce, roasted potatoes, basil, thyme, garlic, rosemary, mushroom, arugula, pepper, cauliflower, olives, bok choy, cheese pizza, white wine, caesar salad, spinach (cooked), butter, lemon juice, oregano, millet, vinaigrette, cherry tomatoes, shallots, onions, cream, feta cheese, vinegar, wheat berry, chicken",392.0,522.154663
dish_1562010929,"pepper, arugula, vinegar, chard, pork, cabbage, parsley, mustard, salt, garlic, pineapple, jalapenos, mayonnaise, squash, wheat berry, blueberries, olive oil, pecans, lemon juice, carrot",405.0,457.265839
dish_1566501324,"onions, carrot, olives",113.0,65.269997
dish_1568404889,"olive oil, vinegar, radishes, soy sauce, carrot, fried rice, mixed greens, garlic, green onions, cabbage, rice noodles",219.0,247.288361
dish_1562946075,"sausage, scrambled eggs, watermelon",297.0,557.884033
dish_1562184628,"bacon, steak",121.0,444.01001
dish_1558641108,"cherry tomatoes, apple, carrot",243.0,96.62999
dish_1558640917,cauliflower,21.0,5.25
dish_1562872498,"fish, carrot, parsley, garlic, zucchini, rosemary, lemon juice, couscous, spinach (raw), squash, jicama, arugula, chive, salt, lime, thyme, olive oil, basil, green beans, sour cream, nopales, chicken, wheat berry, bok choy, corn, pepper",320.0,306.264984
dish_1568316041,"arugula, chard, vinegar, tofu, olive oil, pepper, salt, walnuts, mustard, blueberries",149.0,149.125931
dish_1558459462,grapes,85.0,58.650002
dish_1565898544,"shallots, cherry tomatoes, ginger, onions, lemon juice, lime, garlic, cilantro, salmon, olives, jalapenos, brown rice, spinach (raw), salt, olive oil, chili",182.0,181.954498
dish_1563464670,"cream cheese, bagels, cucumbers, mozzarella cheese",156.0,384.175995
dish_1558636582,"cherry tomatoes, apple, cauliflower, almonds",410.0,530.551025
dish_1558723512,carrot,39.0,15.99
dish_1558381084,grapes,53.0,36.57
dish_1568401018,"broccoli, chicken, mixed greens",447.0,587.709961
dish_1560443537,"berries, pineapple, grapes",411.0,237.639999
dish_1566500988,"spinach (raw), carrot",63.0,21.33
dish_1565379868,"bok choy, pork, vinegar, soy sauce, salt, radishes, pepper, garlic, white rice, rice noodles, cabbage, sugar, olive oil, carrot, mixed greens, green onions",434.0,560.774963
dish_1565119439,"vinegar, millet, bok choy, beef, cheese pizza, spinach (cooked), shallots, salt, olive oil, onions",189.0,465.412231
dish_1564775147,"salmon, arugula, mayonnaise, parsley, kale, shallots, olive oil, garlic, pepper, cherry tomatoes, pickles, salt, lentils, lemon juice, chive",151.0,327.810303
dish_1565640772,"chicken, mixed greens",191.0,241.169998
dish_1561737271,"sausage, hash browns, pineapple, broccoli, egg whites",520.0,762.381958
dish_1565640868,"olives, mixed greens, black beans, cucumbers, chicken",406.0,395.97998
dish_1558114937,mixed greens,49.0,13.72
dish_1558379182,almonds,56.0,323.736023
dish_1558725226,cauliflower,79.0,19.75
dish_1563389413,broccoli,99.0,34.649998
dish_1563826306,"garlic, lime, salt, brownies, olive oil, wheat berry, steak, pepperoni pizza, cauliflower",312.0,882.837463
dish_1567538263,"arugula, parsley, olive oil, lemon juice, salt, pears, pepper, garlic, chickpeas",56.0,70.70092
dish_1563305653,mushroom,117.0,25.74
dish_1559245589,"carrot, salt, pepper, olive oil",52.0,25.562342
dish_1566330399,"vinegar, bok choy, millet, beef, salt, shallots, spinach (cooked), olive oil, onions",126.0,265.190887
dish_1561579673,"thyme, basil, mushroom, pepper, cauliflower, roasted potatoes, garlic, lemon juice, rosemary, olive oil, eggplant, oregano, arugula, chicken, shallots, salt, butter, white wine, cream, wheat berry",360.0,221.304153
dish_1565640365,"wheat berry, olive oil, thyme, salt, bell peppers, garlic, cherry tomatoes, chicken breast, pepperoni pizza, parmesan cheese, spinach (raw)",623.0,720.890137
dish_1566333324,"cheese pizza, spinach (cooked), pepper, olive oil, onions, cauliflower, caesar salad, garlic, bok choy, chicken, beef, shallots, tomatoes, bell peppers, brussels sprouts, vinegar, spinach (raw), jalapenos, millet, fried rice, salt",476.0,608.104553
dish_1565378731,"wheat berry, carrot, salt, pepper, olive oil",207.0,154.358154
dish_1558628956,garden salad,14.0,9.044001
dish_1558116090,cantaloupe,91.0,30.940001
dish_1559841091,"blackberries, chicken apple sausage, sweet potato, yam",166.0,163.423492
dish_1568061145,"cheese pizza, olive oil, squash, salt",196.0,187.053268
dish_1560973936,"salt, pepper, orange, arugula, pecans, mustard, raisins, olive oil, lime",44.0,75.243256
dish_1567537422,"lettuce, bell peppers, broccoli, olive oil, cucumbers, onions, feta cheese, cantaloupe, vinaigrette, olives, cherry tomatoes",203.0,109.319298
dish_1561579576,"cauliflower, olive oil, salt, eggplant",267.0,78.00235
dish_1562007817,"garlic, shallots, quinoa, brussels sprouts, thyme, wheat berry, cabbage, lemon juice, caesar salad, carrot, pepper, mayonnaise, jalapenos, arugula, pork, olive oil, parsley, salt",391.0,444.121399
dish_1563827482,"caesar salad, garlic, broccoli, zucchini, lime, olive oil, steak, squash, wheat berry, salt, cauliflower",621.0,894.521667
dish_1562010315,"caesar salad, jalapenos, pork, pepper, wheat berry, mayonnaise, brussels sprouts, carrot, garlic, cabbage, salt, parsley, lemon juice, olive oil",477.0,671.106934
dish_1566402160,"egg whites, watermelon, yam, cantaloupe, sweet potato, olive oil",697.0,458.716125
dish_1562946106,"cantaloupe, watermelon, sausage, scrambled eggs",359.0,578.963989
dish_1562784266,"corn on the cob, pizza",76.0,131.804001
dish_1565798617,"lettuce, pepper, mixed greens, olive oil, egg whites, berries, onions, cucumbers, vinegar, broccoli, salt, cherry tomatoes, lime",311.0,197.705719
dish_1564169254,"sandwiches, watermelon",201.0,161.75
dish_1562874282,"corn, garlic, chive, caesar salad, nopales, olive oil, pepper, green beans, lime, sour cream, parsley, salt, jicama, arugula, fish, carrot",469.0,427.879974
dish_1560799407,"pork, spinach (raw), sunflower seeds, white rice, parsley, lemon juice, olive oil, cranberries, arugula, raisins, garlic, carrot, onions, salt, rosemary, zucchini",122.0,220.901733
dish_1558720289,cauliflower,80.0,20.0
dish_1558373492,"cantaloupe, almonds, sausage, grapes",325.0,888.22998
dish_1558630737,cauliflower,89.0,22.25
dish_1559581333,"olive oil, vinegar, bacon, eggs, cherry tomatoes, lettuce, lime, salt, mixed greens, pepper, onions, cucumbers",234.0,415.946747
dish_1563984771,"mixed greens, granola, raspberries, blackberries, chicken apple sausage, vinaigrette, scrambled eggs",388.0,582.809204
dish_1568405499,"radishes, pepper, vinegar, arugula, cabbage, brown rice, mustard greens, thyme, tomatoes, carrot, salt, salmon, pineapple, spinach (raw), cucumbers, mustard, olive oil, rice noodles, mixed greens, garlic, soy sauce, green onions",419.0,562.269348
dish_1563216659,"garlic, cherry tomatoes, chicken breast, spinach (raw), parmesan cheese, wheat berry, squash, olive oil, thyme, salt",173.0,190.057999
dish_1558723568,"cantaloupe, corn on the cob, carrot, cauliflower, apple",356.0,179.618988
dish_1561661500,"garlic, salt, soy sauce, sugar, cucumbers, pork, pepper, bok choy, white rice",268.0,374.775665
dish_1558026623,honeydew melons,83.0,29.880001
dish_1564170173,"bell peppers, onions, cherry tomatoes, olives",176.0,79.880005
dish_1560543557,"tomatoes, brown rice, olives, caesar salad",191.0,87.869995
dish_1558724992,almonds,79.0,456.699005
dish_1558373284,sausage,113.0,389.39801
dish_1568405273,"tomatoes, salmon, vinegar, cucumbers, kale, mustard, thyme, pepper, salt, brown rice, parmesan cheese, spinach (raw), arugula, mustard greens, caesar dressing, olive oil, garlic, croutons",288.0,386.199768
dish_1563391375,"cilantro, salt, onions, lemon juice, olive oil, jalapenos, squash, quinoa, fish, arugula, garlic, pepper, tomatillo",139.0,84.283714
dish_1562008429,"jalapenos, lemon juice, wheat berry, pork, carrot, pepper, salt, cabbage, cucumbers, garlic, olive oil, parsley, mayonnaise",69.0,94.465088
dish_1562702044,"olive oil, squash, salt, cherry tomatoes, cauliflower",177.0,44.034069
dish_1561060531,"bok choy, brussels sprouts, cheese pizza, pineapple",177.0,162.078995
dish_1560453132,"mustard, spinach (raw), olive oil, almonds, carrot, salt, parsley, blueberries, vinegar",108.0,142.09024
dish_1565637578,"pineapple, parmesan cheese, salt, thyme, olive oil, wheat berry, garlic, spinach (raw), cherry tomatoes, quinoa, chicken breast",168.0,197.301407
dish_1559149688,eggs,181.0,281.454987
dish_1558373639,mixed greens,20.0,5.6
dish_1562602832,"strawberries, greek yogurt, chia seeds, milk",188.0,144.182281
dish_1558026714,bacon,24.0,129.839996
dish_1561404956,"green onions, white rice, vinegar, ginger, parmesan cheese, soy sauce, croutons, chicken, spinach (raw), green beans, kale, caesar dressing, olive oil, salt, garlic, broccoli",82.0,97.600792
dish_1568315040,"avocado, jalapenos, spinach (raw), brown rice, ginger, chili, garlic, spinach (cooked), onions, salt, lime, lemon juice, quinoa, cilantro, vinegar, salmon, beef, millet, bok choy, mushroom, shallots, tomatoes, olive oil",400.0,555.92041
dish_1565379827,"vinegar, soy sauce, garlic, radishes, pepper, mixed greens, carrot, salt, cabbage, green onions, olive oil, rice noodles",235.0,150.530945
dish_1564691420,"mixed greens, lime, lettuce, salt, cucumbers, onions, olive oil, pepper, vinegar, corn on the cob, green beans, cherry tomatoes",226.0,212.347305
dish_1565725095,"cherry tomatoes, olives, carrot, bell peppers",257.0,121.720001
dish_1558638844,apple,154.0,80.079994
dish_1558379273,sausage,66.0,227.436005
dish_1564761426,"egg whites, fried rice",202.0,207.569
dish_1562876645,"pepper, chicken, squash, spinach (raw), lemon juice, basil, rosemary, garlic, olive oil, zucchini, salt, parsley, wheat berry, thyme, cheese pizza",112.0,220.774597
dish_1563900205,"sweet potato, broccoli, olive oil, scrambled eggs, cantaloupe",301.0,262.261963
dish_1561580278,caesar salad,53.0,23.32
dish_1563824065,"zucchini, broccoli, squash",66.0,15.51
dish_1566316612,"hash browns, bacon, vinegar, radishes, scrambled eggs, garlic, bell peppers, salt, eggplant, mustard, cucumbers, olive oil",367.0,665.237
dish_1558373687,sausage,89.0,306.694
dish_1562949494,"bok choy, olive oil, berries",149.0,68.545609
dish_1562945499,"berries, broccoli, greek yogurt, sweet potato, olive oil, grapes, chia seeds, milk, egg whites",625.0,454.508362
dish_1564429843,"pepper, garlic, lemon juice, parsley, cabbage, arugula, cauliflower, quinoa, shallots, carrot, olive oil, thyme, mayonnaise, jalapenos, wheat berry, pork, squash, salt",474.0,395.729828
dish_1565728634,"bok choy, millet, chicken, beef, vinegar, wheat berry, roasted potatoes, lemon juice, salt, cheese pizza, garlic, pineapple, spinach (raw), squash, olive oil, thyme, onions, parsley, broccoli, shallots, spinach (cooked)",418.0,436.406616
dish_1564685144,"green beans, olive oil",50.0,26.1625
dish_1565203094,"rosemary, parsley, garlic, chicken, pizza, salt, chive, lemon juice, chard, basil, olive oil, brown rice",485.0,898.019653
dish_1560368162,"olive oil, cherry tomatoes, mushroom, salt, eggplant",178.0,41.639214
dish_1559233055,garden salad,39.0,25.194
dish_1562704528,cheese pizza,56.0,148.903992
dish_1565884692,egg whites,408.0,212.159988
dish_1565031283,"kale, onions, olive oil, green onions, broccoli, garlic, chili, beef, white rice, soy sauce, salt, orange juice, vinegar",116.0,252.680466
dish_1558640593,apple,116.0,60.32
dish_1562687554,"berries, salt, mustard, cucumbers, olive oil, waffles, chicken apple sausage, vinegar, honeydew melons, radishes, garlic, bell peppers",281.0,409.334595
dish_1561145732,orange with peel,67.0,19.698
dish_1560539314,"fish, quinoa, tomatillo, jalapenos, arugula, lemon juice, onions, salt, cilantro, olive oil, garlic, pepper",158.0,165.738342
dish_1558639221,cauliflower,98.0,24.5
dish_1559172356,"salt, brown rice, arugula, pepper, salmon, thyme, olive oil",176.0,313.103912
dish_1562959344,"radishes, cucumbers",44.0,5.54
dish_1563811639,"strawberries, scrambled eggs",198.0,217.139999
dish_1562860723,"berries, pineapple",160.0,87.909996
dish_1559232986,bacon,35.0,189.349991
dish_1561737176,sausage,117.0,403.182007
dish_1567537280,"chili, onions, kale, orange juice, soy sauce, green onions, carrot, pepper, white rice, vinegar, olive oil, cheese pizza, salt, garlic, broccoli, beef",404.0,733.018555
dish_1561578188,"cauliflower, eggplant, salt, olive oil",201.0,57.990978
dish_1562180089,"vegetable oil, olive oil, buttermilk, flour, chicken, bacon, garlic, squash, salt, lemon juice, thyme, parsley",437.0,851.298767
dish_1567022251,"onions, cherry tomatoes, olives, carrot, bell peppers",254.0,111.910004
dish_1566933401,"bok choy, olive oil",79.0,27.052683
dish_1560357832,"mustard, waffles, vinegar, cucumbers, spinach (raw), mustard greens, olive oil, salt, garlic, tomatoes",82.0,181.351425
dish_1562875870,"fish, arugula, jicama, nopales, salt, lime, carrot, couscous, corn, pepper, olive oil, sour cream, chive, parsley, garlic",233.0,256.946411
dish_1563302345,"wheat berry, parsley, spinach (raw), mushroom, chicken, shallots, garlic, salt, olive oil, thyme, lemon juice",215.0,265.855438
dish_1566923060,"bacon, scrambled eggs, pineapple, hash browns",248.0,515.820007
dish_1558462036,spinach (raw),13.0,2.99
dish_1558637247,corn on the cob,111.0,117.770996
dish_1558028142,deprecated,73.0,21.900002
dish_1560543625,"chicken, ginger, tomatillo, brown rice, spinach (raw), roasted potatoes, olive oil, onions, vinegar, broccoli, green onions, green beans, olives, caesar salad, arugula, pepper, quinoa, fish, garlic, jalapenos, soy sauce, tomatoes, lemon juice, white rice, salt, cilantro",554.0,560.300903
dish_1558379639,sausage,112.0,385.952026
dish_1559932674,orange,124.0,58.279999
dish_1559245801,berries,107.0,60.989998
dish_1562873814,"cherry tomatoes, salt, pepper, green beans, vinegar, cucumbers, onions, olive oil, mixed greens, lime, lettuce",134.0,106.580215
dish_1566931620,"avocado, olives, mixed greens, chicken, broccoli",461.0,494.579987
dish_1567785223,"vinaigrette, raspberries, sausage, mixed greens, scrambled eggs, granola, blackberries",261.0,487.712494
dish_1562873187,"green beans, olive oil, bok choy",255.0,64.216751
dish_1561491180,"shallots, fish, spinach (raw), blueberries, wheat berry, olive oil, lemon juice, mustard, salt, parsley, cherry tomatoes, chard, vinegar, radishes, wild rice, chive, garlic",217.0,236.347488
dish_1558725702,brussels sprouts,117.0,50.310001
dish_1562789240,"cherry tomatoes, parsley, basil, lemon juice, onions, salt, cheese pizza, broccoli, garlic, pork, vinegar, brown rice, olive oil, shallots, pepper",154.0,361.555603
dish_1559590031,"asparagus, quinoa, pepper, spinach (raw), olive oil, onions, mustard, pumpkin seeds, vinegar, mushroom, blueberries, kale, pizza, cranberries, salt, apple",269.0,402.746216
dish_1563389693,"carrot, grilled chicken, cherry tomatoes",383.0,500.218018
dish_1566416388,"salt, roasted potatoes, olive oil, eggplant, green beans",315.0,259.869873
dish_1565728388,cheese pizza,47.0,124.973
dish_1562963059,"garlic, tomatillo, pepper, fish, arugula, quinoa, salt, cherry tomatoes, onions, olive oil, lemon juice, roasted potatoes, cilantro, jalapenos",389.0,369.527283
dish_1560543729,"broccoli, cauliflower, garlic, olive oil, vinegar, green beans, spinach (raw), ginger, salt, soy sauce, green onions, roasted potatoes, white rice, chicken",213.0,219.529907
dish_1564588567,"sausage, scrambled eggs, egg whites",312.0,450.666016
dish_1558381665,broccoli,51.0,17.85
dish_1560455343,"carrot, salt, parsley, mustard, olive oil, almonds, vinegar, blueberries, spinach (raw)",41.0,53.941677
dish_1565203015,"parsley, chard, lemon juice, garlic, chicken, chive, salt, brown rice, olive oil, basil, rosemary",397.0,663.939575
dish_1560455380,"vinegar, almonds, olive oil, carrot, salt, chard, blueberries, parsley, mustard, spinach (raw)",78.0,60.97168
dish_1565721855,"zucchini, chayote squash, spinach (raw), chicken, wheat berry, salt, parsley, roasted potatoes, shallots, garlic, thyme, olive oil, lemon juice",450.0,479.034454
dish_1567020394,"fish, pepper, kale, parsley, olive oil, chive, broccoli, cherry tomatoes, wheat berry, chard, lemon juice, salt, shallots, garlic, brussels sprouts",265.0,176.15863
dish_1558723671,carrot,93.0,38.130001
dish_1563897395,"cantaloupe, sweet potato, olive oil, broccoli",233.0,135.913651
dish_1561664061,"bok choy, chicken, pepper, green beans, pork, olive oil, cucumbers, parsley, salt, carrot, garlic, soy sauce, chive, white rice, chard, brown rice, sugar, lemon juice, basil, rosemary",269.0,303.643036
dish_1558379324,cantaloupe,48.0,16.32
dish_1558458584,"spinach (raw), grapes, almonds",142.0,351.181
dish_1567024187,"quinoa, wine, lemon juice, olive oil, spinach (cooked), salt, cheese pizza, chayote squash, squash, chicken thighs, eggplant, zucchini, mushroom, roasted potatoes, garlic, shallots",235.0,334.945831
dish_1558639012,"cherry tomatoes, corn on the cob, cauliflower, apple, grapes",490.0,257.436005
dish_1565382733,pepperoni pizza,102.0,287.639984
dish_1561575347,"olive oil, roasted potatoes, bell peppers, onions, shallots, spinach (cooked), salt, millet, bok choy, pizza, beef, vinegar",327.0,554.760071
dish_1563564707,"caesar dressing, croutons, kale, corn on the cob, parmesan cheese",150.0,143.991699
dish_1561575033,"oregano, pepper, chicken, basil, lemon juice, garlic, salt, shallots, thyme, butter, olive oil, eggplant, mushroom, arugula, cream, white wine, rosemary, wheat berry",339.0,354.445312
dish_1567023375,"tofu, almonds, chard, blueberries, vinegar, pecans, arugula, carrot, mustard, olive oil, garlic, greek salad, raspberries, salt",268.0,248.566406
dish_1558721533,cantaloupe,55.0,18.700001
dish_1562874049,cheese pizza,155.0,412.144989
dish_1562872746,"pepper, fish, corn, garlic, vinegar, sour cream, nopales, mustard, olive oil, strawberries, jicama, arugula, parsley, figs, carrot, lime, salt, chive",203.0,242.363983
dish_1558638954,grapes,129.0,89.010002
dish_1562611824,"salt, chickpeas, olive oil, mustard greens, parsley, vinegar, arugula, pepper",109.0,192.566193
dish_1560366389,"mustard, olive oil, walnuts, salt, pepper, chard, vinegar, blueberries, arugula",38.0,46.909065
dish_1561392632,"olive oil, cucumbers, mustard, bacon, berries, salt, bell peppers, garlic, broccoli, scrambled eggs, radishes, vinegar",352.0,500.114899
dish_1566499686,"pepper, spinach (raw), vinegar, white rice, olives, bok choy, garlic, soy sauce, mustard, onions, olive oil, pork, sun dried tomatoes, sugar, salt, cucumbers",388.0,674.706787
dish_1563395510,"broccoli, carrot, salt, lime, olive oil, parsley, zucchini, corn, pepper, quinoa, cilantro, hominy, garlic, sour cream, jalapenos, spinach (raw), black beans, arugula, cheese, tortilla chips, chicken thighs, squash, tomatillo, cheese pizza, fish, cherry tomatoes, chili, bell peppers, lemon juice, cabbage, onions, tomatoes",372.0,415.627411
dish_1563563348,"cherry tomatoes, olives, grilled chicken, carrot, bell peppers",294.0,362.641998
dish_1558629818,almonds,27.0,156.087006
dish_1568320296,cheese pizza,85.0,226.014999
dish_1558116399,mixed greens,25.0,7.0
dish_1562875211,"pizza, caesar salad",147.0,282.240021
dish_1561492519,"banana with peel, wheat bread",206.0,271.320007
dish_1563304333,"croutons, salt, chicken, spinach (raw), parsley, lemon juice, caesar dressing, olive oil, garlic, wheat berry, parmesan cheese, kale, thyme, shallots, roasted potatoes",308.0,451.235687
dish_1558723719,almonds,40.0,231.240005
dish_1560798744,"broccoli, cheese pizza, tofu",220.0,357.152008
dish_1558113304,"grapes, cantaloupe, almonds",175.0,247.070999
dish_1563308428,"orange juice, soy sauce, vinegar, onions, kale, olive oil, garlic, chili, carrot, beef, white rice, eggplant, salt, roasted potatoes, broccoli, green onions",329.0,406.307678
dish_1558630932,"apple, cauliflower, almonds",265.0,292.643982
dish_1563911255,"fried rice, salt, rosemary, lemon juice, olive oil, onions, spinach (raw), green beans, quinoa, garlic, bell peppers, tomatoes, jalapenos, millet, pepper, chicken",235.0,293.192169
dish_1563813833,"sausage, egg whites",207.0,256.865997
dish_1562775373,"bacon, scrambled eggs",148.0,329.080017
dish_1559242221,almonds,114.0,659.033997
dish_1566332193,"spinach (raw), avocado, olives, chicken, cucumbers",504.0,527.450012
dish_1563295292,bacon,22.0,119.019997
dish_1567106794,"mustard, olive oil, mixed greens, walnuts, lettuce, salt, garlic, blue cheese, vinegar",48.0,102.338257
dish_1562691566,"broccoli, olive oil, egg whites",187.0,100.613655
dish_1566414723,"green onions, salt, white wine, olive oil, rosemary, lemon juice, cream, chicken, fish, country rice, roasted potatoes, thyme, shallots, garlic, basil, onions, butter, mushroom, arugula, wheat berry, oregano, pepper",482.0,728.810608
dish_1564589025,"sweet potato, olive oil",51.0,48.810734
dish_1558458847,apple,143.0,74.360001
dish_1558632130,cantaloupe,99.0,33.66
dish_1562787783,"shallots, olive oil, mustard greens, lemon juice, cranberries, parsley, garlic, arugula, pilaf, apple, salt, bulgur",76.0,114.013741
dish_1567022383,"onions, caesar dressing, bell peppers, carrot, cherry tomatoes, olives, chicken, parmesan cheese",508.0,527.088013
dish_1563567663,"fish, vinegar, chard, cherry tomatoes, wheat berry, pecans, lemon juice, parsley, shallots, arugula, olive oil, blueberries, corn on the cob, kale, mustard, salt, chive, garlic",461.0,514.112061
dish_1563822636,"cauliflower, lime, steak, wheat berry, squash, olive oil, zucchini, salt, broccoli, garlic, caesar salad",258.0,237.019379
dish_1560442450,yogurt,149.0,87.761002
dish_1566923004,"scrambled eggs, pineapple",153.0,158.820007
dish_1558115512,sausage,126.0,434.196014
dish_1564588533,"sausage, egg whites",167.0,236.06601
dish_1558544427,eggs,103.0,160.164993
dish_1561749664,"thyme, olive oil, salt, brown rice, arugula, pepper, salmon",162.0,288.197937
dish_1561578441,"caesar salad, bell peppers, spinach (cooked), roasted potatoes, lettuce, beef, cherry tomatoes, salt, feta cheese, vinegar, cucumbers, onions, olive oil, cheese pizza, shallots, vinaigrette, cauliflower, millet, bok choy, olives",309.0,387.084412
dish_1565897617,"salt, lime, olive oil, wheat berry, steak, green beans, garlic, cauliflower",211.0,356.831787
dish_1561665671,"corn on the cob, pizza",89.0,158.389008
dish_1558113204,almonds,31.0,179.210999
dish_1560356523,bacon,92.0,497.719971
dish_1559332487,"zucchini, chayote squash",98.0,19.110001
dish_1558628888,eggs,72.0,111.959999
dish_1561749016,"salmon, celery root, salt, mustard, cherry tomatoes, thyme, olive oil, vinegar, brown rice, arugula, pepper, mixed greens, honeydew melons",272.0,280.118103
dish_1564601569,"turnips, roasted potatoes, brussels sprouts, salt, pepper, olive oil",291.0,208.098145
dish_1568044581,"sweet potato, egg whites, watermelon, olive oil",696.0,386.223419
dish_1560787781,"bacon, berries, yam",97.0,108.628998
dish_1563205982,"egg whites, yam, berries, chicken apple sausage, sweet potato, pineapple",469.0,316.239502
dish_1558723818,corn on the cob,107.0,113.527
dish_1561480414,"turkey bacon, berries",129.0,125.161995
dish_1565032714,"vinegar, olive oil, strawberries, figs, salt, squash, mustard, arugula",330.0,315.591034
dish_1561049435,"raspberries, cantaloupe, scrambled eggs, bacon",257.0,338.179993
dish_1561407208,"broccoli, white rice, chicken, salt, vinegar, ginger, spinach (raw), green beans, olive oil, soy sauce, garlic, green onions",29.0,44.347641
dish_1559062051,sweet potato,74.0,56.239998
dish_1562169762,"scrambled eggs, salt, brussels sprouts, olive oil, pepper",210.0,262.330139
dish_1563826223,"salt, steak, lime, wheat berry, cauliflower, garlic, olive oil",139.0,301.086548
dish_1558031019,"yam, bacon, deprecated, honeydew melons",197.0,206.442001
dish_1564589308,roasted potatoes,161.0,227.009995
dish_1558379391,"cantaloupe, sausage, almonds, grapes",223.0,604.062073
dish_1564086748,"chicken, salt, cherry tomatoes, pasta, chard, corn on the cob, basil, olive oil, rosemary, onions, cheese pizza, carrot, cheese, brown rice, spinach (raw), garlic, parsley, chive, lemon juice, pesto, caesar salad",339.0,443.77182
dish_1561752035,"brown rice, arugula, wheat berry, pepper, salmon, salt, thyme, olive oil, squash",374.0,454.936401
dish_1560444592,"scrambled eggs, yam",175.0,244.421005
dish_1562958775,"salt, mustard, chard, cucumbers, rice noodles, olive oil, figs, garlic, radishes, green onions, vinegar, spinach (raw), cabbage, soy sauce, carrot, mixed greens, cherry tomatoes",251.0,227.182785
dish_1565813446,"walnuts, garlic, salt, pepper, mustard, olive oil, blueberries, arugula, tofu, spinach (raw), radishes, vinegar, chard",230.0,202.676971
dish_1558468494,squash,77.0,15.785
dish_1561567053,watermelon,87.0,26.1
dish_1567525712,"salt, garlic, cucumbers, bell peppers, olive oil, mustard, bacon, vinegar, hash browns, radishes",184.0,510.544769
dish_1561576483,"vinegar, bok choy, millet, cauliflower, beef, salt, shallots, spinach (cooked), olive oil, onions",371.0,209.595428
dish_1561060503,"pineapple, bok choy, cheese pizza",138.0,145.30899
dish_1558721980,cantaloupe,79.0,26.860001
dish_1563897369,"cantaloupe, olive oil, sweet potato",179.0,117.013657
dish_1561049409,"bacon, scrambled eggs, raspberries",197.0,317.779999
dish_1558460908,"apple, grapes, cherry tomatoes, spinach (raw)",302.0,151.999985
dish_1559593646,"vinegar, mustard, blueberries, pepper, quinoa, salt, pumpkin seeds, olive oil, kale",37.0,55.385956
dish_1560798928,"raisins, vinegar, spinach (raw), cranberries, caesar dressing, lemon juice, cherry tomatoes, salt, broccoli, sunflower seeds, carrot, cauliflower, mixed greens, parmesan cheese, tofu, croutons, pears, olive oil, kale, mustard, onions, cheese pizza, garlic",399.0,485.038239
dish_1558640267,grapes,92.0,63.48
dish_1562688382,chicken apple sausage,71.0,113.599998
dish_1562774475,"sausage, roasted potatoes",128.0,320.963989
dish_1561739576,sweet potato,84.0,63.84
dish_1562603842,"mixed greens, hash browns, raspberries, blackberries, vinaigrette, granola",237.0,594.2453
dish_1563908996,"onions, olive oil, pepper, tomatoes, caesar salad, bell peppers, chicken, millet, salt, garlic, green beans, jalapenos, spinach (raw)",293.0,269.916046
dish_1563305722,"garlic, shallots, mushroom, spinach (raw), wheat berry, thyme, lemon juice, cucumbers, olive oil, parsley, salt, chicken",405.0,434.658997
dish_1558642490,"carrot, cauliflower",187.0,61.950001
dish_1558724689,cauliflower,79.0,19.75
dish_1560369313,"olive oil, fish, pepper, vinegar, white rice, garlic, shallots, country rice, lemon juice, onions, green onions, pork, brown rice, cherry tomatoes, asparagus, salt, broccoli, parsley, basil",387.0,392.135712
dish_1560441288,"bok choy, potatoes, bacon",72.0,165.200012
dish_1559243974,"almonds, olive oil, pepper, pears, salt, carrot",306.0,431.21994
dish_1567789154,sausage,111.0,382.506012
dish_1565898590,"garlic, salmon, cherry tomatoes, jalapenos, spinach (raw), onions, olive oil, lemon juice, shallots, carrot, ginger, brown rice, salt, lime, cilantro, chili, olives",257.0,212.704514
dish_1558718974,almonds,73.0,422.013
dish_1566590566,"olive oil, thyme, salt, carrot, pepper, salmon, arugula, brown rice",142.0,186.959702
dish_1565207662,"onions, chicken thighs, kale, green onions, pineapple, white rice, fish, salt, garlic, country rice, cilantro, olive oil, lemon juice, vinegar",128.0,145.937561
dish_1568315132,"salt, quinoa, ginger, mushroom, green beans, olive oil, olives, shallots, lime, tomatoes, beef, millet, bok choy, salmon, avocado, vinegar, onions, spinach (raw), brown rice, jalapenos, lemon juice, chili, garlic, spinach (cooked), cilantro",440.0,591.265503
dish_1563897794,berries,101.0,57.57
dish_1558030724,deprecated,61.0,18.300001
dish_1561579706,"olive oil, eggplant, arugula, mushroom, vinegar, beef, spinach (cooked), roasted potatoes, white wine, garlic, salt, basil, lemon juice, thyme, bok choy, oregano, cream, wheat berry, onions, millet, pepper, chicken, cauliflower, shallots, butter, rosemary",390.0,284.444855
dish_1563294575,"strawberries, watermelon, hash browns, olive oil, grapes, sweet potato, egg whites, yam, pineapple",562.0,485.90564
dish_1565207631,"vinegar, chicken thighs, white rice, pineapple, salt, cilantro, garlic, kale, olive oil, onions, lemon juice",54.0,64.405495
dish_1562688552,"grapes, roasted potatoes, watermelon, strawberries, chicken apple sausage",304.0,235.820007
dish_1559675146,"brussels sprouts, carrot",45.0,19.07
dish_1564690085,"garlic, pepper, arugula, lentils, olive oil, salt, parsley, lemon juice, pears, chickpeas",143.0,170.615997
dish_1559668016,"scrambled eggs, hash browns, bagels, cream cheese, honeydew melons",279.0,469.059998
dish_1558640190,cantaloupe,58.0,19.719999
dish_1565640195,bell peppers,54.0,21.6
dish_1561663891,"millet, soy sauce, white rice, vinegar, chard, brown rice, pork, pepper, sugar, chive, onions, basil, salt, garlic, mixed greens, apple, chicken, corn on the cob, olive oil, rosemary, lemon juice, parsley, bok choy, carrot",172.0,247.168854
dish_1566590987,"chicken, salmon, brown rice, arugula, olive oil, thyme, pepper, salt",370.0,639.911865
dish_1560356355,"bacon, spinach (raw), vinegar, olive oil, mustard greens, mustard, cucumbers, yam, tomatoes, garlic, salt",148.0,301.606934
dish_1568665052,"jalapenos, spinach (raw), squash, brussels sprouts, onions, cucumbers, mustard, garlic, salt, bell peppers, millet, pepper, vinegar, mustard greens, olive oil, tomatoes, chicken",331.0,345.654053
dish_1566936297,"fish, chicken thighs, mushroom, pepper, onions, snow peas, bell peppers, shallots, chive, artichokes, salt, quinoa, parsley, wine, squash, white beans, eggplant, lemon juice, arugula, olive oil, spinach (cooked), garlic, lime",266.0,355.292206
dish_1567110665,"fish, cherry tomatoes, vinegar, white rice, wheat berry, green beans, pepper, jalapenos, onions, kale, olive oil, lettuce, lime, salt, cucumbers, cilantro, mixed greens, bell peppers, shallots, ketchup",532.0,556.494568
dish_1562959295,radishes,19.0,3.04
dish_1561406789,"white rice, carrot, salt, pepper, olive oil",164.0,184.905411
dish_1562960472,"roasted potatoes, caesar salad",166.0,139.970001
dish_1563308386,"carrot, eggplant, salt, roasted potatoes, olive oil",214.0,155.805481
dish_1562788794,"salt, broccoli, basil, lemon juice, parsley, onions, white rice, vinegar, pork, brown rice, pepper, country rice, shallots, cherry tomatoes, olive oil, garlic, fish, green onions",281.0,465.224457
dish_1562687274,"garlic, bell peppers, salt, cucumbers, mustard, olive oil, vinegar, radishes, berries",141.0,161.021606
dish_1561665378,corn on the cob,70.0,74.269997
dish_1559925174,berries,155.0,88.349998
dish_1568664972,"vinegar, garlic, jalapenos, bell peppers, mustard, mustard greens, olive oil, tomatoes, pepper, chicken, millet, spinach (raw), cucumbers, onions, salt",221.0,303.422241
dish_1567019993,"salt, pepper, brussels sprouts, olive oil",55.0,28.083149
dish_1565811335,"bok choy, olive oil, wheat berry",219.0,121.479324
dish_1563476267,brownies,51.0,237.710983
dish_1563824377,"cherry tomatoes, onions, olives, bell peppers, grilled chicken",338.0,454.046021
dish_1558115764,bacon,28.0,151.479996
dish_1567110631,"mixed greens, salt, olive oil, lettuce, cucumbers, onions, lime, wheat berry, green beans, vinegar, cherry tomatoes, pepper",260.0,252.613922
dish_1564685360,"vinegar, onions, olive oil, salt, bell peppers, millet, spinach (raw), steak, ketchup",129.0,304.052368
dish_1568666000,"cucumbers, lemon juice, parsley, pepper, salt, cheese pizza, caesar salad, garlic, tatsoi, kale",197.0,209.934982
dish_1562687299,"berries, bell peppers, salt, mustard, cucumbers, garlic, olive oil, vinegar, radishes, honeydew melons",196.0,180.821609
dish_1561665422,"carrot, lemon juice, parsley, brown rice, olive oil, rosemary, corn on the cob, chard, basil, garlic, chicken, salt, chive",385.0,571.39386
dish_1565798591,"lettuce, cherry tomatoes, lime, mixed greens, salt, cucumbers, onions, olive oil, vinegar, egg whites, pepper, broccoli",224.0,148.115723
dish_1565036922,"broccoli, chili, lemon juice, garlic, olive oil, orange juice, onions, brown rice, arugula, vinegar, cauliflower, white rice, green onions, salt, soy sauce, thyme, basil, kale, parsley, chicken thighs, roasted potatoes, radishes, cheese pizza, beef",336.0,539.864685
dish_1563302315,mushroom,63.0,13.86
dish_1563220802,"white rice, garlic, arugula, pork, broccoli, salt, rosemary, zucchini, parsley, onions, olive oil",252.0,308.59436
dish_1560442303,"scrambled eggs, berries, quinoa, bacon",297.0,444.769989
dish_1562691613,"olive oil, egg whites, broccoli, yam, sweet potato",300.0,213.670166
dish_1562872662,"salt, olive oil, parsley, nopales, chive, carrot, garlic, lime, corn, pepper, arugula, fish, sour cream, jicama",122.0,133.21582
dish_1563563264,"olives, grilled chicken",163.0,322.001984
dish_1559843185,"strawberries, mandarin oranges, broccoli",161.0,64.349998
dish_1563389719,"cherry tomatoes, carrot, grilled chicken, onions",457.0,529.817993
dish_1559841870,pears,201.0,114.972008
dish_1559843222,"grapes, broccoli, mandarin oranges, strawberries",229.0,111.269997
dish_1560455421,"almonds, parsley, lime, sour cream, carrot, corn on the cob, arugula, vinegar, chard, blueberries, jicama, olive oil, spinach (raw), nopales, mustard, salt, chive, garlic, corn, fish, pepper",189.0,180.938934
dish_1558109945,deprecated,143.0,74.360001
dish_1564170010,"tortilla, cucumbers, tatsoi, kale, cilantro, tomatoes, chili, zucchini, pepper, thyme, cheese, salmon, parsley, lemon juice, onions, olive oil, broccoli, garlic, salt, squash, brown rice, chicken thighs, arugula",831.0,1264.54834
dish_1561664042,"pepper, chard, brown rice, olive oil, soy sauce, lemon juice, basil, chive, garlic, salt, cucumbers, white rice, chicken, pork, rosemary, parsley, sugar, bok choy, carrot",209.0,285.042999
dish_1561405864,"olive oil, broccoli, green onions, garlic, cheese pizza, soy sauce, salt, vinegar, white rice, spinach (raw), green beans, chicken, ginger",106.0,197.121201
dish_1565711326,"yam, cantaloupe, sweet potato, grapes, olive oil",285.0,296.092896
dish_1561576257,"olives, roasted potatoes",134.0,180.87999
dish_1562007739,caesar salad,65.0,28.6
dish_1563304301,"kale, croutons, caesar dressing, roasted potatoes, parmesan cheese",151.0,190.950912
dish_1563216689,"thyme, squash, broccoli, salt, garlic, olive oil, chicken breast, cherry tomatoes, spinach (raw), parmesan cheese, wheat berry",302.0,235.208008
dish_1561480391,berries,113.0,64.409996
dish_1563389114,"salt, carrot, broccoli, pecans, mustard, olive oil, blueberries, chard, arugula, vinegar, pepper, garlic",148.0,86.534439
dish_1563813436,"salt, pepper, pineapple, sausage, sweet potato, olive oil, brussels sprouts, bacon",242.0,418.75946
dish_1566847454,"arugula, wheat berry, pork, mayonnaise, parsley, olive oil, shallots, thyme, carrot, salt, quinoa, pepper, jalapenos, lemon juice, cabbage, garlic",210.0,346.747437
dish_1561060477,"pineapple, cheese pizza",105.0,141.018997
dish_1562617446,"broccoli, roasted potatoes, caesar salad, pepperoni pizza",232.0,291.190002
dish_1558725829,"brussels sprouts, carrot, corn on the cob, apple",460.0,278.307007
dish_1565987269,cheese pizza,45.0,119.654999
dish_1560961012,"cream cheese, bagels",71.0,191.699997
dish_1558027243,"deprecated, bacon, yam",163.0,263.36499
dish_1558636813,grapes,88.0,60.720001
dish_1566851198,"quinoa, vinegar, cabbage, shallots, onions, mustard, cucumbers, thyme, carrot, pepper, mayonnaise, wheat berry, pork, jalapenos, spinach (raw), lemon juice, arugula, parsley, olive oil, garlic, salt, sun dried tomatoes",342.0,463.047455
dish_1566936352,"quinoa, chive, pepper, garlic, shallots, couscous, onions, mushroom, cauliflower, eggplant, white beans, wine, fish, bell peppers, salt, artichokes, spinach (cooked), arugula, olive oil, snow peas, lemon juice, parsley, chicken thighs, squash, lime",368.0,424.292206
dish_1562959517,"spinach (raw), vinegar, arugula, chard, cherry tomatoes, salt, pumpkin seeds, carrot, mixed greens, lettuce, mustard, figs, cucumbers, olive oil",74.0,91.140381
dish_1561753168,"brown rice, arugula, salmon, thyme, olive oil, pepper, salt",138.0,245.501923
dish_1566413321,spinach (raw),61.0,14.030001
dish_1561407283,"mixed greens, chicken, cherry tomatoes, ginger, spinach (raw), vinegar, green beans, olive oil, mustard, onions, pears, salt, carrot, white rice, pepper, soy sauce, green onions, broccoli, garlic",86.0,88.626671
dish_1561746876,"arugula, salt, thyme, salmon, olive oil, pepper, brown rice",84.0,149.435959
dish_1564775182,"salmon, pickles, lentils, olive oil, parsley, kale, salt, shallots, garlic, pepper, arugula, cherry tomatoes, mayonnaise, chive, lemon juice, broccoli",277.0,398.001526
dish_1565194852,"watermelon, pepper, salt, egg whites, olive oil, sweet potato, grapes, carrot",759.0,428.59549
dish_1565204855,"salt, pepper, brussels sprouts, olive oil",105.0,53.613285
dish_1562788732,"fish, country rice, onions, olive oil, garlic, salt, green onions",52.0,57.292805
dish_1559059992,sweet potato,94.0,71.440002
dish_1558122583,potatoes,61.0,46.969997
dish_1559245697,"salt, olive oil, pepper, pears, garden salad, carrot",289.0,163.716354
dish_1560961261,"broccoli, strawberries, scrambled eggs",218.0,192.519989
dish_1558548666,white rice,75.0,97.5
dish_1568666089,"cheese pizza, bell peppers, tomatoes, zucchini, lemon juice, olive oil, chayote squash, jalapenos, spinach (raw), millet, caesar salad, garlic, brussels sprouts, onions, salt, parsley, cucumbers, tatsoi, kale, pepper, chicken",335.0,276.424072
dish_1568060542,"tomatoes, brussels sprouts, pepper, white rice, pork, arugula, onions, mustard greens, garlic, salt, cherry tomatoes, rosemary, parsley, zucchini, jalapenos, lemon juice, cucumbers, olive oil, fried rice, cilantro, lime, mangos",481.0,583.376404
dish_1562085185,"bacon, hash browns, scrambled eggs",227.0,550.51001
dish_1565208637,"vinegar, chicken thighs, kale, pineapple, white rice, pepper, salt, garlic, caesar salad, lemon juice, brussels sprouts, olive oil, cilantro, onions",305.0,250.187943
dish_1566402095,"sweet potato, yam, olive oil, egg whites",577.0,421.11615
dish_1566501012,"olives, spinach (raw), carrot",160.0,132.87999
dish_1567023296,"greek salad, garlic, salt, mustard, pecans, olive oil, blueberries, chard, arugula, vinegar",92.0,107.181221
dish_1562956486,tofu,142.0,103.660004
dish_1558722780,"cauliflower, carrot, corn on the cob, cantaloupe, cherry tomatoes",367.0,142.838989
dish_1558640008,"cherry tomatoes, cantaloupe, almonds",212.0,552.490051
dish_1561737200,"egg whites, sausage",262.0,478.582001
dish_1566844766,caesar salad,164.0,72.159996
dish_1564691380,"green beans, olive oil, corn on the cob",111.0,96.261002
dish_1563568357,"cheese pizza, white rice, wheat berry, ground turkey, parsley, arugula, mustard greens, onions, carrot, garlic, chickpeas, eggs, vinegar, corn on the cob, mushroom, cream, celery, kale, olive oil, thyme, pepper, chive, salt",448.0,767.739746
dish_1561574215,"olives, bell peppers, lettuce, cucumbers, onions, cherry tomatoes, feta cheese, vinaigrette",134.0,93.235489
dish_1558721636,"carrot, corn on the cob, cantaloupe, cherry tomatoes",299.0,163.069992
dish_1563568003,"kale, lemon juice, shallots, garlic, bok choy, chive, salt, cherry tomatoes, fish, olive oil, wheat berry, chard, parsley",135.0,126.154343
dish_1566402197,"egg whites, watermelon, yam, berries, cantaloupe, sweet potato, olive oil",736.0,480.946136
dish_1558373449,almonds,72.0,416.231995
dish_1558379128,grapes,53.0,36.57
dish_1558641897,corn on the cob,110.0,116.709999
dish_1562702441,"bell peppers, lettuce, cauliflower, olive oil, cucumbers, onions, quinoa, cherry tomatoes, feta cheese, watermelon, vinaigrette, olives",371.0,209.189362
dish_1562945779,"vinaigrette, granola, blackberries, mixed greens, raspberries",29.0,37.69532
dish_1562085604,berries,423.0,241.110001
dish_1558462228,white rice,17.0,22.099998
dish_1558632445,almonds,91.0,526.070984
dish_1566317775,"oatmeal, blackberries, raspberries",410.0,237.399994
dish_1563480505,"salmon, mushroom, spinach (raw), brown rice, cream, olive oil, shallots, chili, lime, wine, sour cream, jalapenos, ginger, lemon juice, thyme, onions, pasta, cilantro, garlic, salt, beef",475.0,767.266785
dish_1558115915,sausage,59.0,203.314011
dish_1562617470,"arugula, brown rice, lemon juice, parsley, pepperoni pizza, garlic, roasted potatoes, radishes, chicken thighs, vinegar, basil, olive oil, thyme, salt, caesar salad, broccoli",321.0,440.867065
dish_1558378634,"grapes, almonds, sausage",315.0,874.966003
dish_1563476646,"garlic, sour cream, onions, salt, thyme, cream, olive oil, mushroom, spinach (raw), wine, pasta, beef",218.0,380.158081
dish_1558719298,almonds,46.0,265.925995
dish_1559332418,"thyme, salmon, olive oil, pepper, brown rice, arugula, salt",271.0,482.108826
dish_1563309285,"olives, bell peppers, lettuce",128.0,59.450005
dish_1560888893,"garlic, shallots, roasted potatoes, thyme, olive oil, lemon juice, parsley, spinach (raw), wheat berry, chicken, white rice, salt",141.0,213.164108
dish_1562184604,steak,78.0,211.380005
dish_1560370804,ice cream cones,6.0,25.134001
dish_1561577198,"tofu, chard, blueberries, arugula, eggplant, roasted potatoes, salt, pepper, cheese pizza, olive oil, walnuts, mustard, vinegar",174.0,240.542908
dish_1558548958,spinach (raw),10.0,2.3
dish_1559589902,"mushroom, asparagus",76.0,16.368
dish_1565813386,tofu,156.0,113.880005
dish_1563823292,"lime, salt, olive oil, cauliflower, wheat berry, garlic, steak",208.0,450.546722
dish_1561405008,"garlic, soy sauce, vinegar, spinach (raw), caesar dressing, mustard greens, cucumbers, tomatoes, green onions, broccoli, salt, white rice, chicken, mustard, croutons, ginger, parmesan cheese, green beans, olive oil, kale",134.0,156.428101
dish_1565379788,"carrot, olive oil, salt, pepper",101.0,49.649929
dish_1565194752,"sweet potato, egg whites, olive oil",510.0,322.893646
dish_1562096372,"chicken thighs, squash, mushroom, quinoa, eggplant, wine, shallots, spinach (cooked), garlic, salt, lemon juice, cucumbers, olive oil",287.0,346.713684
dish_1560529825,"watermelon, berries",117.0,52.919998
dish_1562774504,"sausage, roasted potatoes, watermelon",176.0,335.363983
dish_1562872945,"arugula, lime, chive, carrot, couscous, garlic, parsley, nopales, jicama, corn, pepper, fish, salt, olive oil, sour cream",234.0,258.59967
dish_1563207301,"yam, egg whites, olive oil, sweet potato",173.0,187.929993
dish_1567789256,"salt, garlic, bell peppers, scrambled eggs, bacon, cucumbers, olive oil, mustard, vinegar, sausage, radishes",319.0,792.218384
dish_1564429235,"salt, chickpeas, mustard greens, olive oil, tempeh, arugula, parsley, vinegar, pepper",253.0,479.757751
dish_1561579824,"salt, spinach (cooked), shallots, olive oil, onions, vinegar, bok choy, millet, beef",88.0,185.212708
dish_1560443607,"grapes, honeydew melons, egg whites, berries, pineapple",706.0,380.799988
dish_1562012076,"olive oil, arugula, quinoa, white rice, salt, garlic, shallots, parsley, thyme, lemon juice",438.0,525.973816
dish_1561577083,cheese pizza,37.0,98.382996
dish_1562605352,"brussels sprouts, scrambled eggs, olive oil, pepper, salt",195.0,242.068939
dish_1560442279,"quinoa, berries, bacon",222.0,333.769989
dish_1559846034,broccoli,32.0,11.2
dish_1562086740,"scrambled eggs, bacon",215.0,447.890015
dish_1561574974,"eggplant, olive oil, salt",152.0,50.130196
dish_1564590190,"sweet potato, olive oil, watermelon, berries",298.0,194.015839
dish_1562615128,"apple, white rice, vinegar, squash, mustard greens, garlic, goat cheese, salt, pineapple, kale, jalapenos, steak, lemon juice, olive oil, onions, arugula, cilantro, figs",244.0,397.568329
dish_1558468285,mixed greens,44.0,12.32
dish_1558725049,brussels sprouts,100.0,43.0
dish_1561579505,cauliflower,126.0,31.5
dish_1558721380,cherry tomatoes,107.0,19.26
dish_1558724005,cantaloupe,93.0,31.620001
dish_1565640842,"mixed greens, chicken, cucumbers, black beans",329.0,307.429993
dish_1561665626,corn on the cob,49.0,51.988998
dish_1562945900,"cantaloupe, vinaigrette, berries, blackberries, mixed greens, honeydew melons, granola, raspberries, succotash, roasted potatoes",281.0,240.695312
dish_1564000202,cheese pizza,149.0,396.190979
dish_1562947885,grapes,313.0,215.970001
dish_1566316496,"vinegar, radishes, salt, bell peppers, olive oil, garlic, cucumbers, mustard",64.0,121.098083
dish_1558641416,corn on the cob,56.0,59.416
dish_1558630649,"cantaloupe, grapes, apple",355.0,190.009995
dish_1563393244,"broccoli, cucumbers, onions, squash, radishes, zucchini",280.0,57.550003
dish_1558632475,corn on the cob,112.0,118.832001
dish_1558721827,"cantaloupe, apple, cauliflower, almonds",429.0,886.523071
dish_1559235639,strawberries,103.0,33.990002
dish_1562860045,"scrambled eggs, bacon",123.0,280.290009
dish_1561576212,roasted potatoes,103.0,145.229996
dish_1565118067,"carrot, chicken breast, tuna, cherry tomatoes, cheese pizza, bell peppers",522.0,623.429932
dish_1562168399,"berries, pineapple",243.0,128.709991
dish_1560455442,"sour cream, nopales, mustard, parsley, chard, vinegar, corn on the cob, corn, pepper, chive, salt, garlic, lime, carrot, olive oil, almonds, pizza, arugula, spinach (raw), blueberries, jicama, fish",293.0,457.578918
dish_1567110556,"cherry tomatoes, salt, pepper, vinegar, green beans, onions, cucumbers, olive oil, mixed greens, lettuce, lime",150.0,127.107117
dish_1558635933,cantaloupe,98.0,33.32
dish_1567542953,"beef, chili, white rice, pineapple, soy sauce, onions, pepper, cilantro, green onions, cheese pizza, salt, chicken thighs, kale, vinegar, lemon juice, carrot, olive oil, orange juice, garlic, broccoli",354.0,542.496338
dish_1568666061,"garlic, jalapenos, tatsoi, cucumbers, parsley, bell peppers, salt, caesar salad, kale, millet, pepper, chicken, spinach (raw), olive oil, brussels sprouts, lemon juice, cheese pizza, tomatoes, onions",253.0,260.434052
dish_1563480608,"beef, salt, cilantro, olive oil, cucumbers, jalapenos, brown rice, cauliflower, lime, broccoli, thyme, sour cream, ginger, spinach (raw), wine, pasta, garlic, mushroom, lemon juice, mustard, salmon, figs, chili, shallots, onions, chard, cream, vinegar, cherry tomatoes",650.0,886.946472
dish_1563218031,"salt, lime, broccoli, squash, wheat berry, jalapenos, rosemary, zucchini, onions, spinach (raw), mustard greens, cilantro, parmesan cheese, thyme, mangos, cherry tomatoes, arugula, pork, chicken breast, cucumbers, lemon juice, parsley, olive oil, garlic, tomatoes, white rice",426.0,419.769562
dish_1559245654,pears,202.0,115.544006
dish_1563823814,"salt, pepper, turnips, olive oil",85.0,25.585732
dish_1559158263,"blueberries, arugula, vinegar, chard, pepper, walnuts, salt, mustard, olive oil",33.0,40.73682
dish_1563217939,"white rice, arugula, cherry tomatoes, garlic, onions, olive oil, cucumbers, tomatoes, lemon juice, lime, salt, mustard greens, zucchini, parsley, mangos, jalapenos, pork, rosemary, cilantro",171.0,227.242706
dish_1558546918,white rice,54.0,70.199997
dish_1566329021,"bell peppers, shallots, beef, garlic, vinegar, spinach (raw), pepper, olive oil, tomatoes, cheese pizza, salt, chicken, bok choy, jalapenos, brussels sprouts, onions, fried rice, spinach (cooked), millet",486.0,792.680847
dish_1560799113,pizza,37.0,98.420006
dish_1561491210,"chard, blueberries, cherry tomatoes, radishes, shallots, salt, chive, olive oil, wheat berry, vinegar, spinach (raw), wild rice, fish, garlic, cauliflower, lemon juice, mustard, parsley",276.0,251.097473
dish_1558629398,tomatoes,64.0,21.76
dish_1565107143,"olive oil, watermelon, egg whites, scrambled eggs, sweet potato",655.0,454.274597
dish_1560441464,berries,50.0,28.5
dish_1562611580,pepperoni pizza,50.0,141.0
dish_1563389079,"broccoli, pepper, olive oil, carrot, salt",119.0,50.428173
dish_1561752449,"tomatoes, garlic, onions, chili, tortilla, salt, olive oil, chicken thighs, cilantro, cheese",134.0,287.849854
dish_1559846450,pears,201.0,114.972008
dish_1561393619,"cottage cheese, berries",284.0,234.040009
dish_1562947376,pineapple,73.0,36.5
dish_1563205877,chicken apple sausage,35.0,56.0
dish_1563910106,"spinach (raw), chard, vinegar, mustard, cherry tomatoes, salt, figs, olive oil, cucumbers",84.0,101.457962
dish_1566591048,"olives, brown rice, arugula, chicken salad, pepper, chicken, salmon, salt, thyme, olive oil",481.0,876.201843
dish_1561663035,cheese pizza,99.0,263.240997
dish_1560787696,bacon,7.0,37.869999
dish_1565107066,scrambled eggs,86.0,127.279999
dish_1561481577,bacon,37.0,200.169998
dish_1561737839,berries,370.0,210.899994
dish_1563827060,cheese pizza,55.0,146.244995
dish_1562010085,"wheat berry, lemon juice, jalapenos, mayonnaise, pepper, brussels sprouts, garlic, salt, carrot, cabbage, olive oil, parsley, pork",264.0,440.321442
dish_1556575124,celery,28.0,4.48
dish_1561748950,"salt, olive oil, thyme, honeydew melons, brown rice, arugula, pepper, salmon",205.0,197.252945
dish_1562097624,"wheat berry, olive oil",68.0,77.586021
dish_1565721800,"zucchini, chayote squash",171.0,33.345001
dish_1561405887,"olive oil, soy sauce, salt, cheese pizza, chicken, white rice, vinegar, spinach (raw), ginger, carrot, garlic, broccoli, green onions, pepper, green beans",139.0,213.343475
dish_1561665747,"mixed greens, chickpeas, apple, lemon juice, pizza, onions, parsley, olive oil, corn on the cob, vinegar, millet, salt",314.0,486.296082
dish_1562168450,"berries, pineapple, egg whites, roasted potatoes",431.0,282.539978
dish_1561406762,"carrot, salt, pepper, olive oil",35.0,17.205421
dish_1561576707,"cream, eggplant, arugula, mushroom, garlic, salt, shallots, caesar salad, oregano, chicken, cauliflower, wheat berry, squash, pepper, butter, lemon juice, rosemary, olive oil, thyme, basil, white wine",492.0,324.142426
dish_1558642420,carrot,95.0,38.950001
dish_1568320470,"vinegar, feta cheese, olive oil, vinaigrette, spinach (cooked), olives, lettuce, beef, quinoa, bok choy, millet, cherry tomatoes, cucumbers, onions, shallots, salt, cheese pizza, bell peppers, green beans",341.0,521.038635
dish_1558372695,sausage,43.0,148.178009
dish_1562173111,chia seeds,163.0,792.179993
dish_1563813806,egg whites,156.0,81.119995
dish_1559678629,"shallots, bell peppers, lime, onions, kale, salt, olive oil, ketchup, jalapenos, cilantro, fish, white rice",80.0,89.376663
dish_1563221640,"mangos, arugula, pepperoni pizza, parmesan cheese, spinach (raw), tomatoes, thyme, mustard greens, mustard, cucumbers, broccoli, garlic, salt, jalapenos, cherry tomatoes, chicken breast, apple, lemon juice, squash, wheat berry, vinegar, olive oil, cranberries, onions, lime, cilantro",364.0,469.186188
dish_1566587958,"brown rice, arugula, salt, pepper, thyme, salmon, olive oil",224.0,398.49588
dish_1565024707,"turkey bacon, scrambled eggs",149.0,299.297974
dish_1568060746,"olive oil, mixed greens, avocado, onions, chicken",395.0,778.819946
dish_1558719514,"almonds, apple, corn on the cob, cherry tomatoes, cauliflower",430.0,433.285004
dish_1561060976,"salmon, onions, jalapenos, tofu, brussels sprouts, cilantro, chili, pepper, salt, lime, ginger, brown rice, spinach (raw), lemon juice, olive oil, garlic, shallots",266.0,265.507263
dish_1565728562,"vinegar, beef, chicken, millet, spinach (cooked), shallots, salt, bok choy, lemon juice, thyme, olive oil, wheat berry, spinach (raw), garlic, roasted potatoes, cheese pizza, onions, parsley, squash",262.0,354.982239
dish_1558457577,eggs,111.0,172.604996
dish_1558721323,cantaloupe,93.0,31.620001
dish_1566332116,"olives, spinach (raw), cucumbers",275.0,153.550003
dish_1558115320,almonds,30.0,173.430008
dish_1558639752,"corn on the cob, cherry tomatoes, almonds",220.0,254.130997
dish_1563222745,pepperoni pizza,48.0,135.360001
dish_1566587689,"salmon, salt, olive oil, thyme, kale, brown rice, chard, arugula, pepper",270.0,196.84697
dish_1561393550,cottage cheese,176.0,172.480011
dish_1565728684,"shallots, salt, cheese pizza, lemon juice, celery root, onions, vinegar, beef, garlic, bok choy, millet, chicken, spinach (cooked), roasted potatoes, broccoli, mixed greens, parsley, olive oil, thyme, wheat berry, squash, spinach (raw), mustard, cherry tomatoes, pineapple",464.0,493.299072
dish_1558635865,corn on the cob,19.0,20.159
dish_1559845370,"potatoes, mandarin oranges",139.0,94.309998
dish_1558458438,spinach (raw),14.0,3.22
dish_1561575506,"olive oil, onions, shallots, salt, roasted potatoes, bok choy, millet, cauliflower, spinach (cooked), beef, vinegar, eggplant",393.0,562.043274
dish_1564589072,"sweet potato, olive oil, chilaquiles",241.0,419.31073
dish_1567789190,"salt, bell peppers, garlic, olive oil, cucumbers, vinegar, mustard, sausage, radishes",177.0,507.388397
dish_1558723096,cauliflower,66.0,16.5
dish_1560444616,"scrambled eggs, yam, strawberries",240.0,265.871002
dish_1562774346,"cheese, scrambled eggs",264.0,422.651428
dish_1558635962,almonds,9.0,52.028999
dish_1558115641,"grapes, sausage, potatoes",331.0,584.526001
dish_1565972363,egg whites,557.0,289.639984
dish_1561392570,"bell peppers, mustard, salt, berries, cucumbers, garlic, olive oil, broccoli, vinegar, radishes",187.0,149.804916
dish_1559319902,pineapple,17.0,8.5
dish_1561752970,"garlic, onions, chili, tortilla, salt, olive oil, chicken thighs, cilantro, cheese, tomatoes",299.0,642.29187
dish_1562698132,"corn, salt, artichokes, chive, snow peas, parsley, olive oil, lentils, squash, arugula, fish, pepper, garlic",178.0,128.096802
dish_1566849208,mixed greens,70.0,19.6
dish_1562615360,"pineapple, steak, onions, kale, olive oil, garlic, cilantro, salt, white rice, apple, jalapenos, vinegar, lemon juice, arugula, mustard greens, goat cheese, roasted potatoes, figs",191.0,331.481995
dish_1563476463,"garlic, lime, chili, lemon juice, brownies, olive oil, wine, cream, brown rice, mushroom, beef, salmon, pasta, shallots, salt, cheese pizza, onions, sour cream, thyme, spinach (raw), ginger, jalapenos, cilantro",542.0,1067.511108
dish_1561663990,"brown rice, rosemary, olive oil, parsley, carrot, chive, salt, chicken, garlic, lemon juice, chard, basil",115.0,181.4897
dish_1563567722,"cherry tomatoes, fish, chard, arugula, wheat berry, lemon juice, pecans, mustard, kale, chive, shallots, corn on the cob, vinegar, blueberries, olive oil, parsley, salt, garlic",576.0,645.323669
dish_1562859116,scrambled eggs,98.0,145.040009
dish_1561662501,"olive oil, pepper, corn on the cob, vinegar, cherry tomatoes, salt, mixed greens, lettuce, lime, cucumbers, onions, tofu",165.0,158.395508
dish_1560444785,"bacon, watermelon, honeydew melons, pineapple",448.0,313.079987
dish_1566588016,"pepper, salmon, brown rice, arugula, thyme, carrot, olive oil, salt",374.0,472.233398
dish_1568313527,"mixed greens, avocado",71.0,48.920002
dish_1560527950,watermelon,77.0,23.1
dish_1561062286,"wine, ginger, jalapenos, brown rice, mushroom, cream, lemon juice, sour cream, onions, lime, salt, cilantro, beef, pasta, spinach (raw), thyme, olive oil, white rice, chili, shallots, salmon, garlic",167.0,256.359406
dish_1562789207,cheese pizza,55.0,146.244995
dish_1558717886,apple,142.0,73.839996
dish_1563811412,egg whites,217.0,112.839996
dish_1562960437,roasted potatoes,69.0,97.290001
dish_1562010891,"garlic, pineapple, pepper, jalapenos, mayonnaise, chard, pork, parsley, lemon juice, pecans, mustard, carrot, arugula, vinegar, wheat berry, blueberries, olive oil, cabbage, salt",341.0,438.74292
dish_1561666619,grapes,52.0,35.880001
dish_1562862550,"cream cheese, scrambled eggs, strawberries, bagels",257.0,364.52002
dish_1562613045,"corn, mixed greens, cod",207.0,166.112
dish_1558378516,grapes,134.0,92.459999
dish_1558463113,"white rice, grapes, cherry tomatoes, spinach (raw)",139.0,63.579998
dish_1562687527,"radishes, berries, chicken apple sausage, vinegar, garlic, cucumbers, olive oil, bell peppers, mustard, salt, honeydew melons",210.0,203.221603
dish_1562861103,"bell peppers, salt, mustard, cucumbers, olive oil, vinegar, radishes, garlic",50.0,94.607872
dish_1565727765,"broccoli, mixed greens",77.0,26.32
dish_1562959103,"tomatillo, salt, parsnips, arugula, lemon juice, cilantro, olive oil, roasted potatoes, pepper, jalapenos, onions, pizza, garlic, fish, quinoa",255.0,395.013611
dish_1561749818,"brown rice, arugula, salmon, cherry tomatoes, pepper, salt, broccoli, radishes, olive oil, thyme, cucumbers",395.0,340.027893
dish_1561576618,"salt, olive oil, squash, eggplant",188.0,57.924408
dish_1558463362,cherry tomatoes,116.0,20.880001
dish_1563567372,"cherry tomatoes, fish, salt, wheat berry, lemon juice, chard, kale, parsley, olive oil, pizza, shallots, garlic, chive",590.0,951.910889
dish_1561404438,"wheat berry, cauliflower, garlic, olive oil, salt, steak, lime",169.0,366.069214
dish_1558380527,sausage,112.0,385.952026
dish_1558725734,carrot,75.0,30.75
dish_1560787817,"berries, yam, bagels, bacon, cream cheese",165.0,292.229004
dish_1567801716,cheese pizza,38.0,101.042
dish_1562790224,"walnuts, salt, mustard, olive oil, blueberries, arugula, vinegar, chard, pepper",116.0,312.749756
dish_1564516483,"snow peas, garlic, carrot, pepper, white beans, olive oil, salt, lime, parsley, onions, chicken breast, chive, artichokes, cherry tomatoes, fish, olives, bell peppers, arugula",374.0,364.234009
dish_1556575273,"celery, olives, brussels sprouts",152.0,103.300003
dish_1559675101,brussels sprouts,31.0,13.33
dish_1565210009,"olive oil, lemon juice, kale, onions, salt, green beans, garlic, pineapple, white rice, cilantro, pepper, vinegar, chicken thighs, brussels sprouts",290.0,263.816223
dish_1560455224,"arugula, mustard, vinegar, mixed greens, carrot, pumpkin seeds, lettuce, salt, honeydew melons, green beans, wild rice, olive oil",244.0,181.740845
dish_1563563492,"olive oil, pizza, bok choy",176.0,192.370255
dish_1564159588,"turkey bacon, sausage, bacon",113.0,477.151001
dish_1562704616,"onions, vinegar, squash, bok choy, millet, beef, salt, cheese pizza, spinach (cooked), shallots, olive oil",213.0,317.781311
dish_1566329203,cauliflower,377.0,94.25
dish_1562961650,"quinoa, white rice, pork, jalapenos, pizza, onions, olive oil, cilantro, salt, garlic, soy sauce, tomatillo, fish, bok choy, arugula, lemon juice, sugar, pepper",312.0,555.712891
dish_1562008695,cauliflower,72.0,18.0
dish_1568319725,"olive oil, mustard, cucumbers, salt, garlic, bell peppers, radishes, vinegar",59.0,111.637299
dish_1558641211,carrot,8.0,3.28
dish_1561491121,"salt, garlic, olive oil, mustard, blueberries, vinegar, spinach (raw), radishes",28.0,31.45747
dish_1558723894,"almonds, cauliflower, corn on the cob, apple",405.0,757.612976
dish_1559240089,"salt, pepper, olive oil, carrot, orange, pears",385.0,202.821503
dish_1560270585,"pineapple, watermelon",114.0,43.800003
dish_1558379876,"deprecated, sausage, almonds",374.0,1148.250977
dish_1562611649,"radishes, pepperoni pizza, steak, vinegar, blueberries, kale, lemon juice, salt, cilantro, pineapple, jalapenos, spinach (raw), onions, mustard, olive oil, white rice, garlic",146.0,278.488983
dish_1559838279,"bacon, berries",114.0,103.699997
dish_1563566674,"olive oil, olives, wheat berry",88.0,100.893005
dish_1567107049,brownies,23.0,107.202995
dish_1567537457,"vinaigrette, pineapple, white rice, feta cheese, onions, cucumbers, olive oil, kale, lettuce, cherry tomatoes, cantaloupe, olives, chicken thighs, vinegar, lemon juice, salt, cilantro, bell peppers, broccoli, garlic",361.0,297.765015
dish_1558637896,grapes,123.0,84.870003
dish_1558721559,carrot,92.0,37.720001
dish_1563305321,"salt, carrot, olive oil, pepper",67.0,32.936092
dish_1558630600,apple,142.0,73.839996
dish_1566328894,cheese pizza,89.0,236.650986
dish_1567022147,"cherry tomatoes, bell peppers",128.0,34.920002
dish_1559841023,chicken apple sausage,46.0,73.599998
dish_1565210073,"salt, lemon juice, olive oil, brussels sprouts, cilantro, garlic, pepper, white rice, pineapple, chicken thighs, vinegar, green beans, onions, kale, caesar salad",511.0,364.416199
dish_1562861125,"bell peppers, mustard, cucumbers, salt, garlic, egg whites, olive oil, vinegar, radishes",235.0,190.807861
dish_1564171970,"garlic, salt, lemon juice, cucumbers, tatsoi, olive oil, wheat berry, thyme, kale, parsley, brown rice, arugula, salmon, pepper",396.0,498.821136
dish_1567542914,"chili, pineapple, chicken thighs, white rice, pepper, soy sauce, orange juice, lemon juice, kale, olive oil, garlic, green onions, cilantro, salt, broccoli, cheese pizza, carrot, vinegar, onions, beef",297.0,513.996338
dish_1566931674,"chicken, mixed greens, avocado, broccoli, parmesan cheese, olive oil, olives",531.0,990.989014
dish_1560454513,"garlic, olive oil, cucumbers, mixed greens, carrot, green beans, salt, cherry tomatoes, parsley, vinegar",62.0,54.444004
dish_1560270630,"pineapple, watermelon, sweet potato",215.0,120.560005
dish_1558115601,potatoes,111.0,85.470001
dish_1562871448,"white rice, squash, salt, cheese pizza, brussels sprouts, pepper, olive oil",276.0,295.850922
dish_1558029923,"bacon, yam, cantaloupe",200.0,279.550995
dish_1565898723,"shallots, green beans, cherry tomatoes, ginger, jalapenos, onions, olive oil, tuna, garlic, lime, cilantro, salmon, olives, salt, brown rice, spinach (raw), lemon juice, carrot, chili",588.0,603.390259
dish_1565194684,egg whites,378.0,196.559998
dish_1563813221,"salt, pepper, olive oil, brussels sprouts",38.0,19.402905
dish_1563309315,"olives, chicken, parsley, spinach (raw), wheat berry, thyme, olive oil, salt, lemon juice, shallots, bell peppers, lettuce, garlic",462.0,613.17688
dish_1560443437,berries,204.0,116.279999
dish_1562963583,pizza,52.0,138.320007
dish_1565107119,"sweet potato, scrambled eggs, olive oil, egg whites",562.0,426.374634
dish_1563553756,"mixed greens, granola, blackberries, vinaigrette, bacon, raspberries",124.0,309.145813
dish_1565119642,"kale, chard",78.0,26.52
dish_1564429184,tempeh,202.0,389.65799
dish_1562950018,roasted potatoes,142.0,200.220001
dish_1566502061,"pork, corn on the cob, bok choy, pepper, garlic, soy sauce, white rice, sugar, salt, olive oil",385.0,408.339417
dish_1558639167,apple,154.0,80.079994
dish_1562788816,"cherry tomatoes, pork, corn on the cob, onions, parsley, olive oil, country rice, lemon juice, fish, pepper, white rice, brown rice, vinegar, basil, salt, broccoli, garlic, shallots, green onions",320.0,506.603485
dish_1558719040,cantaloupe,94.0,31.960001
dish_1567801748,"cheese pizza, sugar, soy sauce, garlic, salt, white rice, bok choy, pepper, pork",71.0,169.072418
dish_1559844063,"strawberries, pears",277.0,139.810013
dish_1565036953,"green onions, chili, chicken thighs, white rice, cauliflower, vinegar, caesar salad, brown rice, onions, basil, orange juice, soy sauce, olive oil, lemon juice, broccoli, salt, beef, radishes, roasted potatoes, parsley, kale, arugula, thyme, garlic, cheese pizza",443.0,586.944702
dish_1559848857,mandarin oranges,53.0,28.089998
dish_1558640705,"cherry tomatoes, apple, cantaloupe",234.0,96.759995
dish_1561407312,"chicken, white rice, onions, pepper, couscous, ginger, olive oil, green onions, mustard, garlic, carrot, cherry tomatoes, spinach (raw), vinegar, green beans, salt, broccoli, pears, mixed greens, soy sauce",121.0,127.826668
dish_1560799368,"white rice, rosemary, parsley, onions, zucchini, olive oil, salt, pork, arugula, garlic",53.0,108.403069
dish_1563911156,"olive oil, onions, pepper, tomatoes, millet, bell peppers, chicken, salt, garlic, spinach (raw), jalapenos",96.0,140.448929
dish_1558725621,"brussels sprouts, almonds, cauliflower",223.0,349.220032
dish_1563464627,"cream cheese, bagels",115.0,310.5
dish_1565898511,"cherry tomatoes, olives",102.0,57.16
dish_1563812535,"turkey bacon, egg whites",266.0,298.893005
dish_1559149650,carrot,64.0,26.24
dish_1561575300,"olive oil, onions, salt, bell peppers, shallots, spinach (cooked), millet, bok choy, beef, vinegar",199.0,326.780029
dish_1563564797,"white rice, carrot, eggs, chard, wheat berry, cream, ground turkey, thyme, kale, parsley, celery, chive, shallots, corn on the cob, croutons, mushroom, parmesan cheese, fish, cherry tomatoes, olive oil, caesar dressing, onions, lemon juice, salt, garlic",310.0,411.264465
dish_1568048053,"chicken apple sausage, turkey bacon, scrambled eggs, olive oil, broccoli",356.0,607.200073
dish_1561575274,"olive oil, onions, salt, shallots, spinach (cooked), millet, bok choy, beef, vinegar",145.0,305.180023
dish_1564073716,"scrambled eggs, olive oil, sweet potato, egg whites",295.0,214.527802
dish_1566934455,"pepper, arugula, cookies, artichokes, olive oil, parsley, snow peas, onions, salt, lime, chive, garlic, fish, white beans, cheese pizza, cauliflower, bell peppers",395.0,528.042908
dish_1563395374,"cheese pizza, pepper, olive oil, carrot, salt",84.0,158.333496
dish_1562012048,"quinoa, salt, arugula, parsley, thyme, lemon juice, olive oil, garlic, shallots",248.0,278.973877
dish_1566413419,"chicken, avocado, spinach (raw), broccoli",280.0,285.830017
dish_1558115282,deprecated,144.0,74.879997
dish_1562095283,"onions, cucumbers, mustard, salt, garlic, sun dried tomatoes, vinegar, spinach (raw), olive oil",197.0,229.517426
dish_1560541706,"walnuts, salt, mustard, olive oil, vinegar, chard, blueberries, arugula, pepper, cauliflower",140.0,110.802574
dish_1565798558,"lime, salt, mixed greens, olive oil, cucumbers, onions, vinegar, broccoli, pepper, cherry tomatoes, lettuce",109.0,88.315727
dish_1562690047,"mixed greens, onions, lime, lettuce, cucumbers, olive oil, vinegar, cherry tomatoes, pepper, salt",68.0,68.642334
dish_1563206562,"yam, sweet potato, olive oil",68.0,98.208679
dish_1561577219,"chard, tofu, vinegar, arugula, pepper, mushroom, thyme, chicken, oregano, salt, cheese pizza, garlic, mustard, shallots, butter, eggplant, blueberries, wheat berry, cream, walnuts, roasted potatoes, basil, lemon juice, white wine, rosemary, olive oil",216.0,308.891754
dish_1559158425,spinach (raw),13.0,2.99
dish_1558379588,deprecated,143.0,74.360001
dish_1561654732,"sweet potato, scrambled eggs",191.0,242.360001
dish_1567110519,"lettuce, lime, mixed greens, pepper, onions, cucumbers, olive oil, vinegar, salt, cherry tomatoes",100.0,100.944618
dish_1565725071,"olives, carrot, bell peppers",190.0,109.659996
dish_1562702379,"lettuce, cherry tomatoes, bell peppers, cucumbers, feta cheese, onions, olives, cauliflower, vinaigrette",227.0,100.882935
dish_1566413388,"chicken, spinach (raw), broccoli",231.0,207.429993
dish_1560974769,"spinach (raw), tortilla chips, corn, cheese, white rice, cherry tomatoes, lime, tomatoes, chili, garlic, salt, sour cream, onions, black beans",3051.0,3943.325195
dish_1559925083,"yam, sweet potato, bacon",81.0,125.135506
dish_1561134156,"watermelon, berries, sweet potato",220.0,118.540001
dish_1559240875,pears,203.0,116.116005
dish_1565209922,"kale, lemon juice, onions, salt, garlic, white rice, pineapple, cilantro, vinegar, olive oil, chicken thighs",169.0,201.565338
dish_1564169197,sandwiches,50.0,116.449997
dish_1561060448,cheese pizza,41.0,109.018997
dish_1565811390,"salmon, bok choy, salt, arugula, olive oil, brown rice, wheat berry, thyme, pepper",266.0,205.092285
dish_1565809033,"bell peppers, onions, cherry tomatoes, tuna",433.0,341.419983
dish_1563389446,"garlic, radishes, blueberries, spinach (raw), vinegar, olive oil, mustard, broccoli, salt",173.0,117.787598
dish_1562617492,"radishes, brown rice, vinegar, kale, onions, cilantro, roasted potatoes, garlic, caesar salad, pineapple, steak, arugula, pepperoni pizza, jalapenos, chicken thighs, white rice, thyme, olive oil, parsley, lemon juice, basil, broccoli, salt",373.0,558.5578
dish_1558628339,bacon,13.0,70.330002
dish_1560356627,"scrambled eggs, bacon, sausage",301.0,980.047974
dish_1566847483,"vinegar, salt, shallots, blueberries, cabbage, olive oil, parsley, arugula, lemon juice, mayonnaise, pecans, wheat berry, pork, carrot, thyme, garlic, mustard, jalapenos, chard, pepper, quinoa",314.0,476.231934
dish_1562785159,"green onions, salt, caesar salad, country rice, onions, olive oil, fish, garlic",315.0,265.662659
dish_1560455179,"carrot, honeydew melons, pumpkin seeds, lettuce, mustard, salt, olive oil, arugula, vinegar, mixed greens",150.0,103.320847
dish_1568056258,"olives, carrot, chicken, caesar dressing, cherry tomatoes, onions",485.0,506.357971
dish_1558637351,apple,154.0,80.079994
dish_1562875273,"caesar salad, pepper, spinach (raw), squash, wheat berry, rosemary, lemon juice, pizza, parsley, garlic, green beans, thyme, olive oil, basil, zucchini, salt, chicken",306.0,495.910278
dish_1565118096,"chicken breast, tuna, cheese pizza, cherry tomatoes, bell peppers, carrot, pineapple",588.0,656.429932
dish_1558116260,almonds,75.0,433.575012
dish_1563986093,"berries, scrambled eggs",215.0,239.029999
dish_1562690144,"cherry tomatoes, lime, pepper, mixed greens, chicken apple sausage, olive oil, cucumbers, onions, scrambled eggs, vinegar, bacon, salt, lettuce",354.0,645.762329
dish_1559751744,"eggs, berries",188.0,227.329987
dish_1562097673,"beets, parsley, arugula, vinegar, artichokes, mustard, lettuce, snow peas, garlic, bell peppers, olive oil, white beans, fish, carrot, chive, pepper, onions, salt, lime, wheat berry",307.0,345.657349
dish_1564086778,"salt, bok choy, chard, spinach (raw), pork, olive oil, parsley, lemon juice, cheese pizza, chive, carrot, chicken, cheese, white rice, pasta, corn on the cob, cherry tomatoes, brown rice, pepper, sugar, soy sauce, onions, rosemary, basil, garlic, pesto, caesar salad",437.0,645.801453
dish_1563207389,"pineapple, sweet potato, olive oil, scrambled eggs, egg whites, grapes, yam",327.0,337.27002
dish_1567022338,"carrot, bell peppers, chicken, parmesan cheese, onions, cherry tomatoes, olives",463.0,507.243011
dish_1560368815,"mixed greens, carrot, arugula, mustard, garlic, radishes, blueberries, eggplant, vinegar, tofu, spinach (raw), olive oil, pumpkin seeds, asparagus, salt, lettuce",442.0,400.337677
dish_1561405934,"cucumbers, olive oil, soy sauce, green onions, salt, carrot, cheese pizza, pepper, chicken, lettuce, cherry tomatoes, green beans, spinach (raw), ginger, lime, onions, mixed greens, garlic, broccoli, white rice, vinegar",243.0,287.331848
dish_1563206409,"scrambled eggs, cheese",277.0,443.463837
dish_1563208094,"yam, sweet potato, olive oil",111.0,160.311234
dish_1564774773,"broccoli, olive oil",90.0,50.136581
dish_1563564760,"eggs, croutons, mushroom, olive oil, ground turkey, kale, salt, chive, carrot, garlic, white rice, corn on the cob, parmesan cheese, cream, onions, celery, caesar dressing, thyme",243.0,341.852448
dish_1565031338,"beef, orange juice, white rice, soy sauce, salt, vinegar, kale, olive oil, onions, caesar salad, garlic, chili, broccoli, green onions",215.0,296.240448
dish_1560961179,scrambled eggs,104.0,153.919998
dish_1563551397,"salt, pepper, brussels sprouts, olive oil, scrambled eggs",302.0,365.53064
dish_1564518850,frozen yogurt,119.0,194.326996
dish_1565797699,"berries, vinaigrette, granola, blackberries, mixed greens, watermelon, raspberries",171.0,128.928864
dish_1568060646,"mixed greens, onions",97.0,31.48
dish_1559845018,"almonds, mandarin oranges, potatoes",175.0,302.425995
dish_1562183175,"arugula, blueberries, vinegar, spinach (raw), parsley, roasted potatoes, pepper, chard, green beans, mushroom, mustard, olive oil, almonds, salt, carrot, walnuts",324.0,290.28244
dish_1564083534,"cherry tomatoes, grilled chicken, olives, bell peppers",307.0,309.061981
dish_1565382969,spinach (raw),57.0,13.110001
dish_1559846311,pears,201.0,114.972008
dish_1565810205,"salt, lettuce, carrot, olive oil, mustard, tofu, vinegar, arugula, mixed greens, pumpkin seeds",153.0,126.965538
dish_1556575499,"olives, brussels sprouts, celery",152.0,103.299995
dish_1562945851,"vinaigrette, cantaloupe, granola, blackberries, berries, mixed greens, raspberries, honeydew melons",150.0,91.26532
dish_1567106594,cherry tomatoes,88.0,15.84
dish_1561666897,"carrot, chicken, basil, lemon juice, vinegar, pork, bok choy, parsley, salt, cucumbers, onions, sugar, mixed greens, caesar salad, garlic, cherry tomatoes, pepper, corn on the cob, brown rice, chard, white rice, olive oil, soy sauce, chive, rosemary, lettuce, cheese pizza, lime",402.0,532.508606
dish_1561661972,green beans,39.0,12.09
dish_1558722906,corn on the cob,90.0,95.489998
dish_1557853314,yam,93.0,115.413002
dish_1560366998,"honeydew melons, cherry tomatoes",131.0,39.600002
dish_1564777986,"cheese pizza, broccoli, olive oil, spinach (cooked), shallots, onions, vinegar, salt, millet, bok choy, beef",221.0,372.230896
dish_1563565683,"olive oil, chard, cherry tomatoes, fish, chive, shallots, garlic, parsley, lemon juice, kale, salt, wheat berry",63.0,65.742775
dish_1558459528,cherry tomatoes,64.0,11.52
dish_1562787817,"pepper, apple, arugula, brown rice, pilaf, parsley, garlic, shallots, olive oil, cherry tomatoes, salt, broccoli, pork, basil, lemon juice, onions, mustard greens, cranberries, vinegar, bulgur",184.0,348.898071
dish_1560367296,"beets, mustard, tofu, vinegar, fish, lettuce, asparagus, mixed greens, country rice, garlic, salt, green onions, onions, olive oil, arugula, mushroom, cherry tomatoes, pumpkin seeds, honeydew melons, carrot, cucumbers",362.0,184.383316
dish_1560369421,"pork, eggplant, pepper, fish, country rice, salt, garlic, broccoli, basil, shallots, green onions, olive oil, vinegar, brown rice, cherry tomatoes, white rice, asparagus, onions, parsley, lemon juice",411.0,413.946655
dish_1565981769,"pepper, olive oil, carrot, salt",47.0,23.104424
dish_1558549086,potatoes,95.0,73.150002
dish_1562945131,"broccoli, olive oil",67.0,37.323902
dish_1562784242,pizza,32.0,85.120003
dish_1564685406,"bell peppers, steak, cherry tomatoes, vinegar, ketchup, spinach (raw), pepper, onions, lime, lettuce, mixed greens, olive oil, cucumbers, salt, millet",192.0,367.6474
dish_1562611878,"chickpeas, parsley, salt, broccoli, olive oil, mustard greens, squash, arugula, vinegar, pepper",311.0,286.894592
dish_1561579845,"wheat berry, rosemary, onions, butter, white wine, pepper, spinach (cooked), garlic, millet, bok choy, beef, arugula, cream, oregano, thyme, olive oil, lemon juice, salt, shallots, chicken, mushroom, vinegar, basil",163.0,307.264221
dish_1560543505,"tomatoes, caesar salad",172.0,66.18
dish_1559844928,potatoes,86.0,66.220001
dish_1563555100,"cantaloupe, scrambled eggs",186.0,190.920013
dish_1562945332,"chia seeds, broccoli, greek yogurt, egg whites, olive oil, milk",325.0,246.650803
dish_1558721700,cantaloupe,56.0,19.040001
dish_1561146781,"bagels, apple",223.0,300.100006
dish_1564601470,turnips,73.0,15.841
dish_1559246053,"cauliflower, orange, berries, pears",494.0,251.04599
dish_1562096608,"salt, vinegar, green beans, snow peas, olive oil, onions, mixed greens, artichokes, lime, bell peppers, chive, fish, white beans, beets, arugula, parsley, garlic, pepper, quinoa",163.0,176.712036
dish_1560453412,"salmon, kimchi, olive oil, spinach (raw), squash, wheat berry, thyme, basil, rosemary, zucchini, tomatoes, chicken, garlic, green beans, pepper, arugula, brown rice, wild rice, parsley, lemon juice, salt",631.0,591.07843
dish_1563996656,"carrot, cilantro, garlic, shallots, pepper, jalapenos, brown rice, vinegar, caesar salad, steak, olive oil, tatsoi, lemon juice, parsley, salt",284.0,376.620392
dish_1566931548,"mixed greens, olives, broccoli",253.0,154.980011
dish_1561661552,"garlic, soy sauce, salt, bok choy, cucumbers, pork, broccoli, pepper, white rice, sugar",325.0,394.725677
dish_1562009314,"brussels sprouts, salt, pepper, olive oil",195.0,99.567535
dish_1561392459,"strawberries, sausage, scrambled eggs, broccoli",275.0,395.225983
dish_1561480460,"pineapple, scrambled eggs, turkey bacon, berries",277.0,285.402008
dish_1562094694,"green beans, vinegar, cherry tomatoes, mixed greens, carrot, garlic, salt, parsley, olive oil, cucumbers",142.0,134.596008
dish_1565895808,"green beans, olive oil",99.0,51.80175
dish_1560888817,roasted potatoes,34.0,47.939999
dish_1563475826,"honeydew melons, pineapple",176.0,74.279999
dish_1563550950,"scrambled eggs, bacon, cheese",93.0,183.169998
dish_1562959700,"pork, pepper, white rice, soy sauce, garlic, bok choy, salt, sugar",153.0,315.413727
dish_1558458541,almonds,51.0,294.830994
dish_1566414780,"wheat berry, chicken, cream, oregano, green beans, lemon juice, olive oil, thyme, onions, garlic, white wine, fish, pepper, caesar salad, arugula, mushroom, butter, green onions, rosemary, basil, shallots, country rice, roasted potatoes, salt",651.0,807.416321
dish_1567785130,"raspberries, vinaigrette, granola, blackberries, mixed greens",59.0,76.690483
dish_1563567319,"fish, cherry tomatoes, salt, wheat berry, chard, kale, lemon juice, parsley, garlic, shallots, olive oil, chive",382.0,398.630829
dish_1561576074,"beef, cheese pizza, white wine, olives, lemon juice, thyme, rosemary, arugula, olive oil, onions, mushroom, spinach (cooked), roasted potatoes, shallots, oregano, garlic, bok choy, millet, chicken, pepper, wheat berry, vinegar, parmesan cheese, butter, cream, basil, cherry tomatoes, salt",216.0,374.54538
dish_1561737776,"bagels, cream cheese",139.0,375.299988
dish_1564778057,"bok choy, garlic, green onions, soy sauce, cabbage, rice noodles, onions, mustard, walnuts, blue cheese, salt, shallots, spinach (cooked), broccoli, millet, carrot, beef, vinegar, olive oil, cheese pizza, lettuce, radishes, mixed greens",377.0,575.185059
dish_1566330466,"beef, bok choy, millet, fried rice, vinegar, onions, olive oil, shallots, spinach (cooked), salt, cauliflower",283.0,377.425903
dish_1563823423,"white rice, cauliflower, soy sauce, caesar salad, steak, spinach (raw), tofu, garlic, green onions, broccoli, salt, chicken, ginger, green beans, wheat berry, vinegar, olive oil, lime",441.0,700.530396
dish_1563464457,"watermelon, bacon, berries",163.0,158.990005
dish_1559925037,bacon,10.0,54.099998
dish_1566328961,"bell peppers, shallots, garlic, jalapenos, spinach (raw), olive oil, cheese pizza, pepper, spinach (cooked), millet, bok choy, beef, vinegar, onions, salt, tomatoes, chicken",308.0,605.81781
dish_1562602627,"hash browns, sausage",171.0,577.176025
dish_1564589366,"egg whites, roasted potatoes",348.0,324.25
dish_1564170923,"thyme, olive oil, wheat berry, kale, salt, salmon, pepper, chard, brown rice, arugula",319.0,378.817108
dish_1558113255,cantaloupe,90.0,30.6
dish_1565987054,"spinach (raw), chicken",213.0,260.569977
dish_1564000536,"chickpeas, oregano, cream, lemon juice, basil, olive oil, shallots, white wine, cheese pizza, pepper, wheat berry, chicken, parsley, mustard greens, rosemary, arugula, butter, mushroom, thyme, vinegar, garlic, salt, caesar salad",397.0,659.906189
dish_1559678457,"garlic, shallots, wheat berry, olive oil, cucumbers, spinach (cooked), bok choy, beef, spinach (raw), vinegar, mustard greens, mustard, onions, salt, broccoli, tomatoes, millet",465.0,624.236084
dish_1558722685,cantaloupe,76.0,25.84
dish_1560357792,waffles,50.0,145.150009
dish_1561739719,"sweet potato, broccoli, raspberries, berries, mixed greens, blackberries, granola, vinaigrette",637.0,350.163513
dish_1561748862,"arugula, brown rice, salmon, thyme, olive oil, pepper, salt",87.0,154.772949
dish_1559842409,"strawberries, mandarin oranges, broccoli, almonds",179.0,359.192993
dish_1562173411,"bacon, sausage",159.0,638.257996
dish_1558723742,"carrot, almonds, corn on the cob, cauliflower",264.0,375.109985
dish_1560455000,"cherry tomatoes, cucumbers",84.0,12.800001
dish_1562010821,"jalapenos, parsley, mayonnaise, garlic, lemon juice, salt, cabbage, pepper, pork, wheat berry, carrot, olive oil",134.0,274.149384
dish_1567526814,"egg whites, watermelon, yam, sweet potato, olive oil",639.0,408.25
dish_1560527070,potatoes,69.0,53.129997
dish_1559590130,"asparagus, chicken",152.0,194.405991
dish_1568047973,"broccoli, olive oil, scrambled eggs",234.0,295.559052
dish_1562180157,"olive oil, almonds, spinach (raw), mustard, bacon, chicken, carrot, salt, vegetable oil, blueberries, squash, vinegar, buttermilk, flour, garlic, parsley, lemon juice, thyme",557.0,1009.176697
dish_1565627800,"sweet potato, olive oil, egg whites",261.0,167.18927
dish_1560800836,pepperoni pizza,170.0,479.399994
dish_1562086037,berries,121.0,68.970001
dish_1568405466,"radishes, olive oil, cucumbers, rice noodles, tomatoes, carrot, mixed greens, soy sauce, green onions, pineapple, vinegar, spinach (raw), cabbage, mustard greens, mustard, salt, garlic",189.0,153.099411
dish_1558639673,cherry tomatoes,89.0,16.02
dish_1560367116,"green onions, salt, tofu, country rice, onions, garlic, honeydew melons, olive oil, fish, cherry tomatoes",211.0,108.409973
dish_1562959547,"mixed greens, figs, pumpkin seeds, cucumbers, cherry tomatoes, pepper, jalapenos, quinoa, arugula, vinegar, fish, tomatillo, garlic, carrot, onions, mustard, olive oil, cilantro, lemon juice, spinach (raw), chard, lettuce, salt",145.0,165.617737
dish_1565711154,"raspberries, bacon, vinaigrette, granola, blackberries, egg whites, mixed greens",385.0,421.617584
dish_1564073641,"olive oil, sweet potato",52.0,49.767807
dish_1566414891,"blueberries, vinegar, arugula, chard, olive oil, roasted potatoes, garlic, salt, pecans, mustard",163.0,213.994171
dish_1562876674,"salt, cheese pizza, chicken, country rice, spinach (raw), parsley, garlic, squash, wheat berry, basil, lemon juice, zucchini, rosemary, olive oil, thyme, pepper",157.0,289.192596
dish_1558028690,honeydew melons,66.0,23.76
dish_1565987142,"spinach (raw), cucumbers, parmesan cheese, chicken, olives",426.0,518.322998
dish_1560874751,"bacon, berries, bagels, cream cheese, yam",220.0,379.992004
dish_1563393341,"broccoli, squash, zucchini",119.0,27.965
dish_1562959379,"mixed greens, olive oil, radishes, arugula, vinegar, mustard, cucumbers, salt, pumpkin seeds, carrot, lettuce",85.0,57.066452
dish_1559240256,broccoli,54.0,18.9
dish_1562959485,"mixed greens, lettuce, carrot, pumpkin seeds, salt, mustard, olive oil, vinegar, arugula",36.0,45.242737
dish_1562170236,"berries, watermelon, pineapple",333.0,169.360001
dish_1563820806,"chicken, white rice, ginger, green beans, spinach (raw), vinegar, squash, olive oil, zucchini, soy sauce, garlic, broccoli, green onions, salt",273.0,207.814453
dish_1567801520,"white rice, sugar, garlic, soy sauce, caesar salad, salt, bok choy, pepper, pork",600.0,919.097168
dish_1559239985,pears,203.0,116.116005
dish_1563477659,"salt, pepper, brussels sprouts, olive oil",52.0,26.551344
dish_1562613974,"thyme, brown rice, arugula, basil, olive oil, mustard greens, cranberries, chicken thighs, vinegar, salt, apple, garlic, shallots, radishes, squash, parsley, lemon juice, bulgur, broccoli",375.0,416.196686
dish_1567526888,"berries, sweet potato, olive oil, salsa, egg whites, watermelon, yam",816.0,479.179993
dish_1558030832,yam,72.0,89.352005
dish_1565798531,"vinegar, cherry tomatoes, lettuce, lime, salt, pepper, mixed greens, onions, cucumbers, olive oil",61.0,61.576214
dish_1563555160,"scrambled eggs, olive oil, pepper, salt, sweet potato, cantaloupe, brussels sprouts",287.0,268.832642
dish_1564777933,cheese pizza,39.0,103.700996
dish_1565981898,"cherry tomatoes, blueberries, chard, olive oil, parsley, walnuts, garlic, salt, shallots, pepper, fish, tofu, arugula, wheat berry, vinegar, mustard, lemon juice, chive, carrot",290.0,260.979767
dish_1559062082,"watermelon, eggs, turkey bacon, sweet potato",311.0,387.869995
dish_1566417475,"olive oil, mustard, roasted potatoes, salt, mixed greens, celery root, cherry tomatoes, vinegar, eggplant",198.0,150.23053
dish_1565119493,"mustard, olive oil, onions, vinegar, beef, caesar salad, bok choy, shallots, apple, millet, salt, cheese pizza, cranberries, spinach (raw), spinach (cooked)",280.0,529.144897
dish_1566402232,"watermelon, cantaloupe, salsa, egg whites, yam, berries, sweet potato, olive oil",841.0,511.396118
dish_1560887435,"pizza, parmesan cheese, croutons, kale, caesar dressing",171.0,364.529053
dish_1558641358,cauliflower,97.0,24.25
dish_1558724853,brussels sprouts,118.0,50.740002
dish_1562008476,"olive oil, brussels sprouts, lemon juice, parsley, cucumbers, garlic, salt, carrot, cabbage, pepper, pork, wheat berry, jalapenos, mayonnaise",120.0,120.505836
dish_1563207277,"yam, sweet potato, olive oil",106.0,153.089996
dish_1563812508,egg whites,217.0,112.839996
dish_1568055963,olives,32.0,36.799999
dish_1559244417,"pepper, chard, blueberries, vinegar, arugula, olive oil, mustard, walnuts, salt",59.0,72.832504
dish_1562615283,"pineapple, white rice, lemon juice, jalapenos, steak, vinegar, kale, onions, garlic, cilantro, salt",78.0,176.535965
dish_1560802149,"white rice, arugula, chicken breast, squash, caesar dressing, olive oil, thyme, rosemary, salt, garlic, cherry tomatoes, spinach (raw), parmesan cheese, pork, wheat berry, croutons, parsley, zucchini, kale, onions",249.0,365.517456
dish_1562180025,"bacon, garlic, chicken, flour, lemon juice, parsley, thyme, vegetable oil, buttermilk, salt",256.0,798.913696
dish_1562872432,"wheat berry, couscous, basil, lemon juice, zucchini, squash, olive oil, spinach (raw), pepper, chicken, bok choy, parsley, garlic, salt, rosemary, thyme",257.0,259.08316
dish_1562686548,"scrambled eggs, yam, chicken apple sausage",280.0,413.493988
dish_1562184705,"wheat berry, chard, steak, cherry tomatoes, bacon, shallots, salt, chive, lemon juice, olive oil, green beans, fish, garlic, broccoli, parsley, kale",376.0,635.19043
dish_1566934366,cheese pizza,33.0,87.746994
dish_1561134102,watermelon,81.0,24.300001
dish_1568318286,mixed greens,115.0,32.200001
dish_1565727921,"black beans, chicken, olives, olive oil, broccoli, parmesan cheese, mixed greens",397.0,768.554016
dish_1563568148,"garlic, shallots, chive, olive oil, parsley, kale, lemon juice, chard, wheat berry, bok choy, salt, fish, cherry tomatoes",225.0,170.995789
dish_1565119698,"zucchini, kale, onions, salt, shallots, spinach (cooked), bok choy, millet, beef, vinegar, chard, chayote squash, olive oil",308.0,222.235489
dish_1564428404,"olive oil, onions, mustard, pears, salt, mixed greens, garlic, cherry tomatoes, vinegar",104.0,113.751038
dish_1562958809,"mixed greens, garlic, mustard, green onions, rice noodles, cabbage, sugar, pork, chard, spinach (raw), vinegar, white rice, bok choy, soy sauce, figs, salt, cucumbers, olive oil, radishes, pepper, cherry tomatoes, carrot",389.0,511.673645
dish_1563996308,"pepper, carrot, shallots, olive oil, basil, cream, salt, garlic, butter, thyme, arugula, rosemary, mushroom, oregano, wheat berry, lemon juice, chicken, cauliflower, white wine",659.0,718.51178
dish_1561060642,"jalapenos, brown rice, salt, bok choy, lemon juice, shallots, garlic, chili, onions, thyme, olive oil, mushroom, pasta, beef, ginger, tofu, spinach (raw), cream, pineapple, cilantro, salmon, cheese pizza, lime, sour cream, brussels sprouts, wine",387.0,468.412384
dish_1560453150,"vinegar, spinach (raw), mustard, blueberries, parsley, green beans, salt, olive oil, carrot, almonds",141.0,152.320267
dish_1562946006,"sausage, scrambled eggs",224.0,535.984009
dish_1565725156,"carrot, bell peppers, chicken, onions, cherry tomatoes, olives",500.0,452.669983
dish_1562096907,"white beans, chive, snow peas, onions, salt, lime, artichokes, garlic, bell peppers, pepper, fish, arugula, olive oil, parsley",266.0,297.779602
dish_1561749778,"olive oil, thyme, salt, broccoli, salmon, cherry tomatoes, pepper, brown rice, arugula, radishes",340.0,334.527893
dish_1562775110,honeydew melons,282.0,101.520004
dish_1565641943,"thyme, salt, cheese pizza, olive oil, garlic, wheat berry, spinach (raw), quinoa, chicken breast, cherry tomatoes, asparagus, parmesan cheese",307.0,510.889587
dish_1562168427,"berries, egg whites, pineapple",368.0,193.709991
dish_1563567599,"salt, garlic, olive oil, mustard, pecans, vinegar, chard, arugula, blueberries",156.0,194.226822
dish_1561481634,"scrambled eggs, bacon, yam",228.0,462.057007
dish_1558632233,"garden salad, corn on the cob, cantaloupe",193.0,122.604004
dish_1562875320,"chicken, green beans, squash, spinach (raw), lemon juice, garlic, caesar salad, thyme, olive oil, country rice, salt, pepper, wheat berry, parsley, basil, pizza, zucchini, rosemary",377.0,603.858704
dish_1565383159,"parmesan cheese, cucumbers, vinaigrette, olives, chicken, olive oil, spinach (raw)",468.0,706.358948
dish_1560441247,bok choy,17.0,2.21
dish_1562775047,"berries, oatmeal",461.0,284.880005
dish_1568660810,pepperoni pizza,47.0,132.539993
dish_1563468240,"pineapple, watermelon",239.0,93.100006
dish_1567625434,"salt, shallots, thyme, parsley, arugula, avocado, wheat berry, apple, bulgur, spinach (raw), olive oil, mustard greens, lemon juice, kale, cranberries, chard, garlic, chicken",396.0,581.253052
dish_1561049320,bacon,19.0,102.789993
dish_1562691383,yam,70.0,86.870003
dish_1561575192,"walnuts, salt, mustard, olive oil, arugula, vinegar, chard, blueberries, pepper, cauliflower",236.0,122.989189
dish_1558115960,potatoes,51.0,39.27
dish_1561661449,"sugar, salt, soy sauce, garlic, white rice, pepper, bok choy, pork",115.0,237.075684
dish_1565207694,"pineapple, white rice, olive oil, green onions, onions, kale, country rice, garlic, cilantro, fish, vinegar, chicken thighs, lemon juice, broccoli, salt",178.0,173.791214
dish_1568318361,"steak, mixed greens, broccoli",341.0,540.820007
dish_1562788032,"caesar salad, vinegar, onions, shallots, pepper, broccoli, cherry tomatoes, cantaloupe, brown rice, pork, eggplant, basil, parsley, lemon juice, olive oil, garlic, salt",214.0,137.238892
dish_1567106620,"bell peppers, cherry tomatoes",146.0,39.040001
dish_1558723982,almonds,51.0,294.830994
dish_1561749908,"salt, cherry tomatoes, radishes, olive oil, thyme, cucumbers, arugula, brown rice, brussels sprouts, turnips, broccoli, salmon, pepper",472.0,377.262177
dish_1560444637,"bacon, yam, strawberries, scrambled eggs",285.0,509.321014
dish_1562789301,"caesar salad, pepper, corn on the cob, lemon juice, parsley, olive oil, salt, cherry tomatoes, cheese pizza, pork, brown rice, vinegar, basil, onions, garlic, broccoli, shallots",435.0,606.91156
dish_1559235771,"cream cheese, bagels",54.0,145.800003
dish_1561753203,"brown rice, arugula, pepper, salmon, salt, thyme, olive oil, squash",207.0,265.471954
dish_1558114441,sausage,75.0,258.450012
dish_1566851115,"sun dried tomatoes, salt, garlic, mustard, olive oil, cucumbers, onions, spinach (raw), vinegar",70.0,81.554428
dish_1559590005,"asparagus, salt, pizza, onions, cranberries, mustard, vinegar, mushroom, spinach (raw), olive oil, apple",241.0,360.832489
dish_1559668272,"scrambled eggs, hash browns",239.0,512.140015
dish_1566933498,"pepper, wine, eggplant, mushroom, squash, arugula, lemon juice, parsley, shallots, chickpeas, quinoa, bok choy, chicken thighs, olive oil, spinach (cooked), garlic, salt, pears",284.0,318.482666
dish_1565972628,"chicken apple sausage, scrambled eggs",359.0,545.960022
dish_1562096343,cucumbers,62.0,6.2
dish_1557861837,"eggplant, caesar salad, fish",123.0,61.883999
dish_1565382762,"pepperoni pizza, pepper, olive oil, carrot, salt",139.0,305.828583
dish_1565984299,"salt, pepper, carrot, olive oil, cauliflower",298.0,93.343513
dish_1565109659,"sweet potato, bacon, olive oil, egg whites",263.0,226.744873
dish_1558722636,carrot,75.0,30.75
dish_1565034281,"roasted potatoes, cauliflower",306.0,228.459991
dish_1561575977,"shallots, millet, spinach (cooked), parmesan cheese, onions, olive oil, vinegar, salt, beef, bok choy, cheese pizza",102.0,261.076172
dish_1563304369,"garlic, parsley, kale, lemon juice, eggplant, parmesan cheese, shallots, roasted potatoes, salt, thyme, caesar dressing, olive oil, wheat berry, croutons, spinach (raw), chicken",326.0,457.172119
dish_1562876709,"chicken, wheat berry, green beans, spinach (raw), zucchini, basil, parsley, cheese pizza, pepper, squash, country rice, lemon juice, rosemary, olive oil, thyme, garlic, salt",186.0,304.366852
dish_1558632921,apple,155.0,80.599998
dish_1563465847,"roasted potatoes, scrambled eggs",182.0,267.75
dish_1561148481,"lime, carrot, thyme, olive oil, cucumbers, lemon juice, onions, jalapenos, celery, cream, chive, white rice, garlic, tomatoes, cherry tomatoes, mangos, cheese pizza, salt, cilantro, mustard greens, mushroom, arugula, kale, ground turkey, eggs",140.0,281.281128
dish_1558109986,sausage,75.0,258.450012
dish_1558722665,cauliflower,60.0,15.0
dish_1558028606,deprecated,65.0,19.5
dish_1565208611,"pepper, olive oil, brussels sprouts, caesar salad, salt",157.0,73.669174
dish_1560367085,"honeydew melons, tofu, cherry tomatoes",183.0,77.559998
dish_1561753432,"garlic, salmon, pepper, brown rice, olive oil, tomatoes, turnips, cilantro, cheese, arugula, thyme, chicken thighs, tortilla, onions, salt, chili",238.0,380.321686
dish_1561492703,"caesar salad, green onions, fried rice, country rice, olive oil, onions, squash, fish, salt, garlic",134.0,113.130577
dish_1561663786,corn on the cob,44.0,46.683998
dish_1558629488,cauliflower,64.0,16.0
dish_1565808943,cherry tomatoes,74.0,13.320001
dish_1562790259,"walnuts, salt, olive oil, mustard, grilled chicken, arugula, vinegar, blueberries, chard, pepper",207.0,518.591736
dish_1558380058,almonds,36.0,208.115997
dish_1559844030,strawberries,77.0,25.410002
dish_1559845745,"pears, potatoes",322.0,208.141998
dish_1565024741,"turkey bacon, scrambled eggs, roasted potatoes",192.0,359.927979
dish_1560456814,"olive oil, chive, lime, fish, corn, jicama, sour cream, parsley, nopales, carrot, garlic, salt, pepper, wild rice, arugula",283.0,318.333374
dish_1567020340,"broccoli, olive oil",168.0,93.588287
dish_1561579867,"lemon juice, basil, mushroom, vinegar, beef, chicken, millet, spinach (cooked), olives, rosemary, onions, olive oil, oregano, cream, arugula, wheat berry, pepper, bok choy, garlic, shallots, salt, butter, white wine, thyme",217.0,369.364288
dish_1562173200,"pineapple, milk, chia seeds, greek yogurt",259.0,213.366608
dish_1560798854,"olive oil, spinach (raw), tofu, broccoli, lemon juice, cranberries, croutons, parmesan cheese, raisins, cauliflower, sunflower seeds, carrot, cheese pizza, salt, kale, caesar dressing",372.0,455.506744
dish_1562777068,"olive oil, brussels sprouts, salt, strawberries, pepper, scrambled eggs",236.0,236.723511
dish_1564690038,lentils,81.0,92.339996
dish_1563822546,caesar salad,88.0,38.720001
dish_1558640808,carrot,26.0,10.66
dish_1566923030,"hash browns, scrambled eggs, pineapple",226.0,396.799988
dish_1565640227,"bell peppers, pepperoni pizza",165.0,334.619995
dish_1558122740,"grapes, mixed greens, deprecated, potatoes, bacon",304.0,260.149994
dish_1561746912,"salt, thyme, olive oil, arugula, brown rice, wheat berry, pepper, salmon",210.0,264.095947
dish_1563217895,"mangos, salt, arugula, cherry tomatoes, jalapenos, lemon juice, lime, mustard greens, cucumbers, olive oil, onions, tomatoes, cilantro",73.0,26.799278
dish_1562950934,"sweet potato, olive oil, egg whites",464.0,304.218536
dish_1561662562,"lime, pork, olive oil, tofu, green beans, onions, corn on the cob, vinegar, bok choy, salt, lettuce, garlic, pepper, cherry tomatoes, white rice, cucumbers, soy sauce, mixed greens, sugar",289.0,368.485199
dish_1567108037,"pepper, millet, onions, arugula, shallots, lemon juice, parsley, garlic, chickpeas, olive oil, salt, beef, bok choy, vinegar, spinach (cooked), pears",365.0,674.73053
dish_1561575951,"salt, onions, cheese pizza, spinach (cooked), beef, millet, bok choy, shallots, vinegar, olive oil",91.0,213.699173
dish_1565031376,"vinegar, olive oil, orange juice, broccoli, garlic, white rice, beef, cauliflower, caesar salad, onions, chili, kale, green onions, salt, soy sauce",308.0,319.490448
dish_1564515049,"snow peas, olive oil, garlic, chive, artichokes, lime, carrot, zucchini, white beans, arugula, wheat berry, parsley, onions, squash, broccoli, bell peppers, salt, pepper, fish",611.0,431.635803
dish_1565972674,"salt, scrambled eggs, chicken apple sausage, cherry tomatoes, pepper, lettuce, mixed greens, lime, olive oil, vinegar, onions, cucumbers",426.0,613.592834
dish_1566413356,"spinach (raw), chicken",164.0,183.979996
dish_1568047932,"broccoli, olive oil",55.0,30.639025
dish_1564429270,"salt, mustard, garlic, chickpeas, olive oil, mustard greens, parsley, vinegar, arugula, tempeh, chard, pecans, pepper, blueberries",354.0,605.507202
dish_1562173267,"chilaquiles, bacon",171.0,409.570007
dish_1562700760,"beef, cauliflower, shallots, spinach (cooked), olive oil, onions, vinegar, mushroom, millet, bok choy, salt",418.0,370.130035
dish_1564432128,"salt, lime, lettuce, mixed greens, olive oil, cucumbers, pepperoni pizza, onions, vinegar, pepper, cherry tomatoes",102.0,217.028381
dish_1561392543,"vinegar, radishes, garlic, bell peppers, salt, berries, mustard, cucumbers, olive oil",119.0,126.004929
dish_1565021714,"olive oil, egg whites, honeydew melons, berries, sweet potato",662.0,381.171448
dish_1562096933,"garlic, bell peppers, snow peas, onions, white beans, fish, pepper, chive, lime, salt, artichokes, olive oil, green beans, parsley, arugula",314.0,312.659607
dish_1559590157,"chicken, asparagus, caesar salad",234.0,230.485992
dish_1558630450,grapes,125.0,86.25
dish_1560367258,"tofu, fish, asparagus, garlic, cucumbers, green onions, country rice, olive oil, onions, beets, vinegar, mushroom, cherry tomatoes, honeydew melons, mixed greens, salt",341.0,157.99173
dish_1563827188,"white rice, soy sauce, steak, green beans, ginger, spinach (raw), squash, wheat berry, cauliflower, garlic, zucchini, green onions, cheese pizza, caesar salad, pineapple, chicken, salt, lime, vinegar, olive oil, broccoli",377.0,369.359955
dish_1562613376,"salt, garlic, mustard greens, kale, jalapenos, arugula, figs, goat cheese, cilantro, vinegar, onions, olive oil, lemon juice, steak, squash, apple, white rice, pineapple",267.0,371.963898
dish_1558722871,cauliflower,60.0,15.0
dish_1560527168,"tomatoes, garlic, potatoes, olive oil, cucumbers, mustard greens, salt, mustard, spinach (raw), vinegar, berries, bacon",219.0,322.835297
dish_1562875159,pizza,98.0,260.680023
dish_1556575014,olives,62.0,71.299995
dish_1563820775,"zucchini, broccoli, squash",162.0,38.07
dish_1560798656,cheese pizza,108.0,287.171997
dish_1558116547,deprecated,144.0,74.879997
dish_1558721345,cauliflower,78.0,19.5
dish_1566937992,cheese pizza,104.0,276.53598
dish_1558725286,"broccoli, almonds, cauliflower",308.0,816.792053
dish_1559240510,"salt, pepper, olive oil, cauliflower, strawberries, carrot, broccoli",213.0,73.51651
dish_1565382995,"spinach (raw), cucumbers",158.0,23.210001
dish_1566501067,"spinach (raw), carrot, parmesan cheese, olives, chicken",306.0,464.117981
dish_1558639979,almonds,90.0,520.290039
dish_1560529804,watermelon,51.0,15.3
dish_1557863056,avocado,47.0,75.200005
dish_1565210037,"green beans, vinegar, pepper, brussels sprouts, white rice, pineapple, kale, garlic, cilantro, salt, lemon juice, olive oil, onions, chicken thighs",346.0,291.816223
dish_1559240382,"salt, pepper, carrot, olive oil",42.0,20.646505
dish_1568060722,"avocado, mixed greens, onions, chicken",359.0,460.579987
dish_1562603569,"bacon, olive oil, sweet potato",62.0,121.679504
dish_1565726949,"roasted potatoes, mustard, onions, shallots, vinegar, arugula, beef, celery root, bok choy, millet, spinach (cooked), salt, broccoli, cranberries, olive oil, squash",372.0,451.546997
dish_1561741139,bacon,20.0,108.199997
dish_1563218987,"pepperoni pizza, pork, arugula, white rice, salt, garlic, olive oil, parsley, zucchini, onions, rosemary",172.0,383.559662
dish_1563824130,"couscous, pepper, squash, olive oil, zucchini, salt, broccoli, turnips",202.0,111.319603
dish_1558640145,"carrot, apple, corn on the cob",287.0,177.953003
dish_1558115047,"mixed greens, almonds, deprecated",212.0,203.699997
dish_1566402123,"egg whites, watermelon, yam, sweet potato, olive oil",657.0,445.116119
dish_1558630488,cantaloupe,88.0,29.92
dish_1559678367,"salt, garlic, tomatoes, mustard, cucumbers, olive oil, mustard greens, broccoli, spinach (raw), vinegar",215.0,192.444122
dish_1560453328,"kimchi, brown rice, squash, wheat berry, rosemary, parsley, chicken, garlic, salmon, pepper, arugula, spinach (raw), thyme, olive oil, basil, lemon juice, zucchini, salt",264.0,340.108368
dish_1566329049,"bell peppers, cauliflower, beef, jalapenos, spinach (raw), brussels sprouts, onions, olive oil, pepper, garlic, salt, shallots, spinach (cooked), chicken, bok choy, millet, vinegar, cheese pizza, tomatoes, fried rice",575.0,814.930786
dish_1562945186,"broccoli, greek yogurt, chia seeds, milk, olive oil",219.0,191.530792
dish_1564170283,"onions, cheese, chicken thighs, olive oil, cilantro, tomatoes, tortilla, chili, salt, garlic",301.0,646.588135
dish_1563217774,"cilantro, cherry tomatoes, mangos, arugula, jalapenos, salt, onions, olive oil, mustard greens, cucumbers, lime, broccoli, tomatoes, lemon juice",265.0,96.138458
dish_1565728494,"bok choy, salt, parsley, spinach (raw), vinegar, olive oil, onions, roasted potatoes, millet, chicken, beef, wheat berry, thyme, lemon juice, garlic, shallots, cheese pizza, spinach (cooked)",163.0,326.32962
dish_1558380152,deprecated,143.0,74.360001
dish_1560799277,"pizza, broccoli",73.0,111.020004
dish_1564082212,"sugar, pepper, garlic, soy sauce, lemon juice, chard, brown rice, pork, white rice, chicken, bok choy, chive, carrot, olive oil, basil, rosemary, parsley, salt",425.0,707.941284
dish_1563206601,"sweet potato, olive oil, turkey bacon, egg whites, yam",337.0,293.797668
dish_1562614088,broccoli,67.0,23.449999
dish_1563222850,"parsley, thyme, pork, parmesan cheese, spinach (raw), cherry tomatoes, garlic, onions, salt, rosemary, zucchini, broccoli, olive oil, arugula, pepperoni pizza, wheat berry, brown rice, chicken breast, white rice",232.0,348.378113
dish_1565711115,"bacon, egg whites",308.0,321.529999
dish_1563304925,"chili, white rice, soy sauce, orange juice, onions, parsley, olive oil, thyme, green onions, beef, wheat berry, chicken, spinach (raw), lemon juice, kale, vinegar, broccoli, garlic, salt, shallots",508.0,874.46106
dish_1564775216,"garlic, salmon, pickles, pepper, arugula, mayonnaise, lentils, olive oil, onions, lemon juice, chive, salt, broccoli, spinach (cooked), bok choy, cherry tomatoes, beef, kale, parsley, vinegar, millet, shallots",340.0,530.596924
dish_1559238608,"berries, orange, pears",438.0,237.364014
dish_1568319838,"onions, pizza, mustard, bell peppers, lemon juice, cilantro, salt, salmon, vinegar, spinach (raw), jalapenos, cucumbers, olive oil, ginger, lime, garlic, shallots, chili, radishes, brown rice",312.0,607.506165
dish_1563220087,"broccoli, pepperoni pizza",98.0,162.740005
dish_1565209963,"vinegar, lemon juice, chicken thighs, white rice, pineapple, kale, pepper, salt, cilantro, garlic, olive oil, onions, brussels sprouts",253.0,244.455963
dish_1565194781,"sweet potato, salt, pepper, olive oil, carrot, egg whites",568.0,351.405518
dish_1568404850,fried rice,100.0,157.699997
dish_1565024675,turkey bacon,34.0,129.097992
dish_1564686791,"lettuce, lime, pepper, mixed greens, onions, cucumbers, olive oil, chicken breast, vinegar, salt, olives, cherry tomatoes, cheese pizza",343.0,601.348572
dish_1559593746,"kale, blueberries, vinegar, chard, walnuts, pepper, quinoa, pumpkin seeds, salt, squash, olive oil, arugula, mustard",186.0,156.962936
dish_1565382886,"tofu, pepper, carrot, roasted potatoes, soy sauce, salt, caesar salad, rice noodles, cabbage, olive oil, vinegar, radishes, pepperoni pizza, garlic, mixed greens, green onions",348.0,470.086212
dish_1563391333,"squash, olive oil, salt",81.0,23.443058
dish_1562775241,"oatmeal, berries",220.0,140.360001
dish_1558459664,"white rice, almonds, spinach (raw), cherry tomatoes, grapes",273.0,383.055969
dish_1568666263,"lettuce, broccoli, artichokes",348.0,93.400002
dish_1562691466,"olive oil, broccoli, yam, chicken apple sausage, scrambled eggs",267.0,319.870972
dish_1566333228,"jalapenos, vinegar, beef, bok choy, millet, bell peppers, shallots, caesar salad, spinach (raw), pepper, chicken, garlic, spinach (cooked), tomatoes, salt, cheese pizza, onions, olive oil",304.0,498.545258
dish_1567107989,"chickpeas, garlic, salt, lemon juice, parsley, pears, olive oil, arugula, pepper",111.0,140.139297
dish_1559590202,"couscous, caesar salad, chicken, asparagus",311.0,316.725983
dish_1566332085,"spinach (raw), cucumbers",163.0,24.75
dish_1562774980,oatmeal,201.0,136.680008
dish_1565638365,"white rice, vinegar, pork, olive oil, mustard, zucchini, parsley, lettuce, carrot, pumpkin seeds, garlic, arugula, brown rice, onions, rosemary, salt, mixed greens",389.0,612.350098
dish_1563823359,"white rice, vinegar, green beans, spinach (raw), ginger, soy sauce, green onions, salt, garlic, cauliflower, chicken, steak, wheat berry, olive oil, lime, broccoli",333.0,641.700317
dish_1558638896,cherry tomatoes,126.0,22.68
dish_1562617370,pepperoni pizza,55.0,155.099991
dish_1560541793,"carrot, chicken, chard, vinegar, blueberries, mustard, olive oil, broccoli, pepper, white rice, cauliflower, green beans, arugula, spinach (raw), ginger, soy sauce, garlic, walnuts, green onions, salt",462.0,509.826233
dish_1565724509,"chayote squash, zucchini",158.0,30.809999
dish_1562788760,"green onions, vinegar, pork, brown rice, lemon juice, olive oil, garlic, fish, pepper, cherry tomatoes, basil, country rice, parsley, onions, broccoli, shallots, salt",178.0,331.324493
dish_1566501447,"onions, cherry tomatoes, olives, tuna, carrot, lemon juice",349.0,286.76001
dish_1558637214,grapes,16.0,11.04
dish_1561494032,"salt, walnuts, mustard, olive oil, arugula, chard, blueberries, vinegar, squash, cauliflower, pepper",307.0,185.437851
dish_1558724607,honeydew melons,152.0,54.720001
dish_1561492628,caesar salad,31.0,13.64
dish_1558719066,apple,142.0,73.839996
dish_1565727875,"olives, mixed greens, broccoli, parmesan cheese, black beans, chicken",365.0,485.674011
dish_1561662532,"tofu, onions, cucumbers, salt, lettuce, lime, mixed greens, cherry tomatoes, pepper, green beans, corn on the cob, vinegar, olive oil",191.0,166.455505
dish_1562945393,"chia seeds, broccoli, greek yogurt, egg whites, sweet potato, olive oil, milk",401.0,319.388367
dish_1560443474,"pineapple, berries",317.0,172.779999
dish_1562873838,"pepper, spinach (raw), lemon juice, cucumbers, olive oil, rosemary, lime, cherry tomatoes, salt, parsley, squash, wheat berry, chicken, zucchini, green beans, vinegar, basil, onions, thyme, mixed greens, garlic, lettuce",342.0,427.435638
dish_1562700957,"fish, chive, corn, squash, arugula, garlic, onions, parsley, olive oil, snow peas, mixed greens, artichokes, pepper, cauliflower, apple, millet, lentils, vinegar, lemon juice, salt",424.0,286.933777
dish_1562959799,"green onions, white rice, pork, vinegar, spinach (raw), cabbage, chard, mixed greens, parsnips, salt, cherry tomatoes, pepper, radishes, bok choy, mustard, cucumbers, olive oil, rice noodles, figs, carrot, soy sauce, garlic, sugar",363.0,498.765594
dish_1562699652,"garlic, salt, cucumbers, olive oil, onions, mustard, spinach (raw), brown rice, sun dried tomatoes, quinoa, vinegar",103.0,132.178085
dish_1558723960,cauliflower,52.0,13.0
dish_1562959024,"tomatillo, pepper, quinoa, arugula, garlic, cilantro, jalapenos, onions, olive oil, lemon juice, salt, pizza, fish",183.0,319.233582
dish_1563897492,"cantaloupe, broccoli, salsa, egg whites, olive oil, sweet potato",662.0,339.673645
dish_1562096973,"olive oil, lettuce, arugula, green beans, cucumbers, artichokes, mixed greens, garlic, chive, onions, white beans, vinegar, pepper, fish, cherry tomatoes, bell peppers, lime, snow peas, parsley, salt",350.0,348.999664
dish_1563476577,"beef, broccoli, shallots, thyme, onions, ginger, spinach (raw), brown rice, lime, salt, cilantro, olive oil, cranberries, sour cream, zucchini, jalapenos, mushroom, wine, apple, pasta, cheese pizza, garlic, cream, salmon, mustard, lemon juice, brownies, squash, vinegar, chili",857.0,1238.033691
dish_1565021141,"waffles, egg whites, sausage, tofu",248.0,467.054993
dish_1565382856,"salt, radishes, pepperoni pizza, tofu, rice noodles, cabbage, olive oil, carrot, green onions, vinegar, soy sauce, garlic, roasted potatoes, mixed greens, pepper",294.0,446.326233
dish_1558636483,apple,154.0,80.079994
dish_1559841127,"scrambled eggs, yam, chicken apple sausage, sweet potato, blackberries",285.0,339.543488
dish_1565369938,bacon,31.0,167.709991
dish_1562775549,"egg whites, brussels sprouts, sweet potato, olive oil, pepper, salt, cottage cheese",252.0,174.977127
dish_1559149719,"bacon, carrot, eggs",268.0,432.125
dish_1561062237,"beef, wine, mushroom, onions, spinach (raw), jalapenos, ginger, thyme, shallots, cilantro, chili, pasta, salmon, cream, brown rice, sour cream, lemon juice, olive oil, lime, garlic, salt",110.0,182.259399
dish_1561665065,"millet, green beans, vinegar, brown rice, rosemary, salt, basil, mixed greens, carrot, apple, chicken, chard, olive oil, lemon juice, parsley, onions, chive, garlic",303.0,387.798126
dish_1562183201,"green beans, pepper, arugula, vinegar, almonds, mustard, pizza, walnuts, salt, carrot, roasted potatoes, spinach (raw), chard, mushroom, blueberries, olive oil, parsley",425.0,558.942383
dish_1561576652,"salt, cauliflower, olive oil, squash, eggplant",322.0,91.424408
dish_1566414642,"roasted potatoes, chicken",145.0,219.809998
dish_1562788845,"green onions, cherry tomatoes, white rice, corn on the cob, onions, parsley, basil, lemon juice, shallots, pepper, fish, salt, broccoli, pork, brown rice, country rice, vinegar, olive oil, garlic, caesar salad",372.0,529.483459
dish_1559667948,"cream cheese, bagels",57.0,153.900009
dish_1558547124,almonds,25.0,144.525009
dish_1562602888,"strawberries, watermelon, egg whites, greek yogurt, chia seeds, milk",343.0,209.382294
dish_1561567086,"watermelon, yam",181.0,142.754013
dish_1560874667,"berries, bacon",83.0,100.550003
dish_1567110783,"shallots, spinach (cooked), bok choy, onions, pizza, olive oil, vinegar, salt, millet, beef",210.0,465.307892
dish_1561576767,"pepper, olive oil, shallots, garlic, thyme, basil, rosemary, caesar salad, squash, wheat berry, arugula, eggplant, cauliflower, chicken, walnuts, blueberries, salt, white wine, butter, lemon juice, vinegar, mushroom, oregano, cream, pineapple, mustard, chard",621.0,408.472565
dish_1564601528,"turnips, roasted potatoes",163.0,142.740997
dish_1563304958,"garlic, shallots, beef, white rice, orange juice, spinach (raw), chili, wheat berry, thyme, olive oil, green onions, kale, lemon juice, broccoli, soy sauce, tofu, chicken, vinegar, parsley, onions, salt",614.0,951.840942
dish_1561577119,"tofu, cheese pizza",78.0,128.312988
dish_1565896039,"bok choy, vinegar, salt, onions, kale, olive oil, quinoa, shallots, spinach (cooked), chard, green beans, beef, millet",384.0,352.529205
dish_1558725760,apple,161.0,83.719994
dish_1567526785,"egg whites, olive oil, sweet potato, yam",539.0,378.25
dish_1561407249,"mustard, olive oil, soy sauce, green onions, broccoli, salt, pears, white rice, vinegar, green beans, spinach (raw), onions, mixed greens, garlic, cherry tomatoes, chicken, ginger",56.0,73.879166
dish_1563221562,"thyme, salt, garlic, broccoli, squash, olive oil, chicken breast, cherry tomatoes, spinach (raw), pepperoni pizza, parmesan cheese, wheat berry",260.0,395.598572
dish_1563305401,"white rice, garlic, soy sauce, kale, broccoli, carrot, pepper, quinoa, beef, spinach (raw), vinegar, rosemary, lemon juice, olive oil, orange juice, onions, salt, chili, green onions",332.0,483.215302
dish_1563911215,"salt, millet, chicken, pepper, green beans, jalapenos, spinach (raw), onions, olive oil, fried rice, bell peppers, tomatoes, garlic",170.0,218.158203
dish_1563481030,"mustard, cucumbers, salt, figs, cherry tomatoes, chard, spinach (raw), vinegar, olive oil",129.0,155.81044
dish_1563303386,"wheat berry, parsley, pepper, spinach (raw), roasted potatoes, chicken, salt, garlic, shallots, carrot, olive oil, lemon juice, thyme",218.0,274.131439
dish_1566328929,"olive oil, vinegar, millet, beef, salt, bok choy, shallots, cheese pizza, spinach (cooked), onions",165.0,396.607422
dish_1567525744,"cucumbers, olive oil, garlic, bell peppers, salt, bacon, radishes, scrambled eggs, hash browns, mustard, vinegar",298.0,679.264771
dish_1564590226,"olive oil, watermelon, berries, sweet potato, cantaloupe",376.0,220.535858
dish_1560799615,"spinach (raw), onions, squash, apple, salt, olive oil, pizza, cranberries, mustard, vinegar",283.0,332.749847
dish_1562168471,"berries, brussels sprouts, roasted potatoes, egg whites, olive oil, pepper, pineapple, salt",490.0,312.665558
dish_1559243139,"carrot, salt, pepper, olive oil",53.0,26.053925
dish_1562702091,"cherry tomatoes, cauliflower, squash, vinegar, parsley, cucumbers, olive oil, garlic, mixed greens, carrot, salt",214.0,86.534729
dish_1559845513,"potatoes, pears, mandarin oranges, strawberries",379.0,222.152008
dish_1563304881,"garlic, chicken, spinach (raw), thyme, wheat berry, olive oil, lemon juice, parsley, salt, shallots",446.0,739.407654
dish_1558550181,grapes,42.0,28.98
dish_1565641844,cheese pizza,92.0,244.627991
dish_1561746970,"garlic, salt, tatsoi, thyme, olive oil, kale, cucumbers, brown rice, arugula, lemon juice, parsley, wheat berry, pepper, salmon",363.0,303.636078
dish_1562700931,"apple, mixed greens, lemon juice, salt, onions, olive oil, squash, vinegar, parsley, cauliflower, millet",312.0,164.234955
dish_1560539340,"pepper, garlic, cilantro, olive oil, caesar salad, onions, lemon juice, arugula, jalapenos, salt, tomatillo, quinoa, fish",228.0,196.53833
dish_1567789230,"radishes, bell peppers, olive oil, garlic, mustard, vinegar, cucumbers, sausage, scrambled eggs, salt",300.0,689.428406
dish_1558639662,cherry tomatoes,89.0,16.02
dish_1558724766,apple,161.0,83.719994
dish_1558640781,apple,154.0,80.079994
dish_1562700885,cauliflower,117.0,29.25
dish_1558629013,strawberries,80.0,26.400002
dish_1556572657,olives,36.0,41.399998
dish_1567024135,"salt, cheese pizza, spinach (cooked), shallots, garlic, lemon juice, wine, eggplant, chicken thighs, squash, mushroom, olive oil, quinoa, roasted potatoes",147.0,317.785828
dish_1561576737,"salt, chard, squash, oregano, eggplant, arugula, basil, butter, olive oil, vinegar, white wine, blueberries, pepper, chicken, cauliflower, walnuts, cream, mushroom, wheat berry, caesar salad, rosemary, lemon juice, thyme, garlic, shallots, mustard",519.0,357.472565
dish_1566849233,"avocado, mixed greens",117.0,94.800003
dish_1568649354,"broccoli, berries, olive oil",129.0,72.870728
dish_1562010865,"pepper, mustard, garlic, pecans, chard, lemon juice, cabbage, mayonnaise, wheat berry, arugula, carrot, olive oil, vinegar, parsley, blueberries, jalapenos, pork, salt",216.0,376.24295
dish_1558460205,spinach (raw),8.0,1.84
dish_1563465805,roasted potatoes,23.0,32.43
dish_1560455399,"pepper, fish, chard, blueberries, almonds, olive oil, parsley, nopales, lime, salt, corn, arugula, jicama, vinegar, spinach (raw), mustard, chive, sour cream, garlic, carrot",149.0,138.498901
dish_1564428475,"cauliflower, quinoa, pears, shallots, mixed greens, thyme, onions, mustard, arugula, vinegar, cherry tomatoes, salt, garlic, olive oil, parsley, lemon juice",370.0,261.616272
dish_1560888849,"lemon juice, wheat berry, parsley, chicken, salt, olive oil, roasted potatoes, garlic, thyme, shallots, spinach (raw)",107.0,168.964127
dish_1565987015,spinach (raw),64.0,14.72
dish_1561060703,"chili, ginger, onions, sour cream, thyme, wine, cucumbers, jalapenos, brown rice, spinach (raw), mushroom, olive oil, brussels sprouts, cilantro, salt, lime, pasta, bok choy, pineapple, cream, lemon juice, garlic, figs, cherry tomatoes, salmon, mustard, tofu, chard, vinegar, cheese pizza, shallots, beef",445.0,538.466736
dish_1558468547,squash,34.0,6.97
dish_1562963153,"fish, salt, lemon juice, olive oil, cilantro, lettuce, radishes, tomatillo, pepper, cherry tomatoes, quinoa, arugula, jalapenos, onions, cucumbers, garlic, roasted potatoes",521.0,386.477264
dish_1567537185,"onions, vinegar, chili, green onions, beef, white rice, broccoli, soy sauce, garlic, salt, olive oil, orange juice, kale",185.0,402.981781
dish_1562945445,"sweet potato, broccoli, greek yogurt, egg whites, milk, chia seeds, grapes, olive oil",463.0,362.168335
dish_1563566725,"olive oil, olives, wild rice, wheat berry",206.0,241.313019
dish_1558028007,potatoes,71.0,54.669998
dish_1567801468,caesar salad,196.0,86.239998
dish_1558636763,apple,117.0,60.839996
dish_1560368110,cherry tomatoes,89.0,16.02
dish_1568405183,"salt, tomatoes, garlic, mustard, cucumbers, olive oil, mustard greens, spinach (raw), vinegar",64.0,72.402832
dish_1565036788,cheese pizza,70.0,186.12999
dish_1562963109,"garlic, lemon juice, onions, pepper, fish, quinoa, tomatillo, radishes, cilantro, salt, cucumbers, olive oil, arugula, jalapenos, cherry tomatoes, roasted potatoes",488.0,381.527283
dish_1558031526,yam,62.0,76.942001
dish_1562700718,"bok choy, spinach (cooked), salt, onions, olive oil, vinegar, mushroom, beef, shallots, millet",255.0,329.380035
dish_1560799590,"spinach (raw), vinegar, apple, salt, olive oil, mustard, onions, pizza, cranberries",163.0,298.019379
dish_1559842274,almonds,53.0,306.393005
dish_1561580406,"wheat berry, lemon juice, onions, white wine, salt, pepper, cheese, caesar salad, pesto, cherry tomatoes, shallots, spinach (raw), cream, butter, thyme, olive oil, rosemary, basil, garlic, chicken, mushroom, pasta, arugula, oregano",171.0,203.281494
dish_1562958445,olives,21.0,24.15
dish_1562011765,"jalapenos, mayonnaise, olive oil, garlic, carrot, brussels sprouts, salt, pepper, wheat berry, pork, cabbage, lemon juice, parsley",283.0,423.923004
dish_1557861605,fish,39.0,35.099998
dish_1560961059,"cream cheese, bagels, sweet potato",172.0,268.459991
dish_1562775275,"cantaloupe, oatmeal, berries",318.0,173.680008
dish_1566333118,cheese pizza,90.0,239.309998
dish_1565799617,"olive oil, egg whites, watermelon, berries, sweet potato",520.0,294.22171
dish_1560543465,caesar salad,77.0,33.880001
dish_1566851155,"spinach (raw), onions, parsley, olive oil, thyme, salt, quinoa, lemon juice, mustard, arugula, cucumbers, vinegar, garlic, shallots, sun dried tomatoes",260.0,295.284393
dish_1559245979,pears,203.0,116.116005
dish_1561392734,"watermelon, berries",198.0,84.239998
dish_1560356314,"spinach (raw), vinegar, olive oil, tomatoes, salt, garlic, mustard, cucumbers, mustard greens",27.0,30.544943
dish_1562790170,"salt, walnuts, olive oil, chard, mustard, vinegar, arugula, blueberries, pepper",84.0,103.693726
dish_1558721587,corn on the cob,90.0,95.489998
dish_1562774531,"berries, sausage, roasted potatoes, watermelon",254.0,379.824005
dish_1558638292,"cantaloupe, apple, white rice, carrot",356.0,190.309982
dish_1563827110,"pineapple, caesar salad, cheese pizza",217.0,220.044998
dish_1564503219,"bacon, egg whites",242.0,213.859985
dish_1562010418,"lime, salt, onions, pork, brussels sprouts, jalapenos, vinegar, pepper, garlic, mixed greens, carrot, lettuce, cabbage, lemon juice, parsley, olive oil, cucumbers, wheat berry, mayonnaise, cherry tomatoes",157.0,209.545135
dish_1562690112,"lettuce, lime, chicken apple sausage, mixed greens, olive oil, cucumbers, onions, vinegar, bacon, pepper, salt, cherry tomatoes",207.0,428.202332
dish_1559240987,"carrot, salt, pepper, olive oil",51.0,25.070757
dish_1561404458,"lime, salt, cauliflower, pepper, olive oil, wheat berry, steak, carrot, garlic",259.0,410.311737
dish_1566835701,"egg whites, salsa, sweet potato, olive oil",744.0,370.186829
dish_1563294465,"pineapple, watermelon, grapes",237.0,116.949997
dish_1567023184,"olives, chicken, caesar dressing, kimchi, kale, parmesan cheese, croutons",195.0,191.507187
dish_1566936323,"chive, chicken thighs, wine, white beans, eggplant, lemon juice, snow peas, olive oil, pepper, spinach (cooked), quinoa, salt, fish, artichokes, lime, cauliflower, squash, parsley, mushroom, arugula, onions, shallots, garlic, bell peppers",318.0,368.292206
dish_1563216381,broccoli,99.0,34.649998
dish_1563305948,"croutons, salt, apple, wheat berry, lemon juice, kale, onions, olive oil, cranberries, shallots, chicken, mushroom, vinegar, spinach (raw), parmesan cheese, mustard, caesar dressing, thyme, garlic, parsley",178.0,207.360931
dish_1567106870,"blue cheese, onions, pizza, olive oil, garlic, walnuts, mixed greens, salt, spinach (cooked), lettuce, bok choy, millet, vinegar, mustard, shallots, beef",211.0,504.820892
dish_1567538303,"green onions, pepper, chili, white rice, vinegar, lemon juice, soy sauce, orange juice, garlic, salt, beef, kale, parsley, olive oil, arugula, onions, chickpeas, broccoli, pears",307.0,617.449158
dish_1559846825,pizza,95.0,252.700012
dish_1561749348,"brown rice, arugula, salmon, thyme, olive oil, pepper, salt",93.0,165.446945
dish_1559243704,pears,203.0,116.116005
dish_1562785328,"apple, shallots, garlic, bulgur, lemon juice, salt, olive oil, mustard greens, cranberries, parsley, arugula",91.0,133.92334
dish_1558116146,grapes,111.0,76.589996
dish_1561577177,"tofu, chard, blueberries, vinegar, pepper, cheese pizza, walnuts, salt, roasted potatoes, olive oil, mustard, arugula",156.0,234.606445
dish_1568665935,cheese pizza,58.0,154.222
dish_1560368691,"carrot, lettuce, pumpkin seeds, salt, mustard, olive oil, vinegar, arugula, mixed greens",112.0,140.755188
dish_1561654756,"scrambled eggs, sweet potato, brussels sprouts",225.0,256.980011
dish_1560802006,"parmesan cheese, croutons, kale, caesar dressing",44.0,35.926495
dish_1562602687,"brussels sprouts, sausage, hash browns, olive oil, pepper, salt, scrambled eggs",311.0,721.365173
dish_1562949467,"bok choy, olive oil",72.0,24.655609
dish_1565811423,"bell peppers, garlic, pepper, arugula, jalapenos, wheat berry, cabbage, chili, tomatoes, salt, parsley, lemon juice, salmon, bok choy, lime, brown rice, chicken thighs, olive oil, thyme, hominy",290.0,240.057129
dish_1558632959,cherry tomatoes,89.0,16.02
dish_1563464429,"bacon, berries",103.0,140.990005
dish_1558725112,"almonds, brussels sprouts, honeydew melons",330.0,554.059021
dish_1564169878,"tomatoes, garlic, onions, chili, tortilla, salt, cilantro, olive oil, chicken thighs, cheese",341.0,732.513428
dish_1558028057,bacon,28.0,151.479996
dish_1565812186,"salt, hominy, lemon juice, parsley, olive oil, mustard, garlic, cabbage, chicken thighs, pineapple, tomatoes, chili, walnuts, bell peppers, lime, arugula, vinegar, blueberries, chard, jalapenos, pepper",266.0,324.978424
dish_1561406817,"carrot, olive oil, couscous, salt, pepper, white rice",243.0,273.385437
dish_1558115241,potatoes,111.0,85.470001
dish_1566331868,"brussels sprouts, onions, salt, tomatoes, bell peppers, garlic, pepper, millet, chicken, fried rice, jalapenos, spinach (raw), olive oil",372.0,453.66507
dish_1558630072,"apple, almonds, grapes, cauliflower",295.0,294.427002
dish_1558375583,"mixed greens, sausage, deprecated",251.0,386.134003
dish_1566931519,"mixed greens, olives",182.0,130.130005
dish_1565724269,"pizza, chicken, spinach (raw), wheat berry, olive oil, thyme, salt, lemon juice, shallots, broccoli, garlic, parsley",311.0,527.548767
dish_1563812570,"egg whites, mixed greens, turkey bacon, granola, blackberries, raspberries, vinaigrette",320.0,369.08429
dish_1565813414,"garlic, salt, mustard, blueberries, olive oil, tofu, spinach (raw), vinegar, radishes",179.0,139.720078
dish_1561148303,cheese pizza,45.0,119.654999
dish_1568401064,"broccoli, mixed greens, chicken, avocado",572.0,787.709961
dish_1559844090,"strawberries, pears, mandarin oranges",331.0,168.430008
dish_1563568292,"corn on the cob, cheese pizza",193.0,276.682983
dish_1558723047,cantaloupe,93.0,31.620001
dish_1568061174,"pineapple, squash, salt, cheese pizza, olive oil",287.0,232.553268
dish_1562086116,"berries, scrambled eggs, yam",285.0,290.65802
dish_1561661850,"sugar, salt, soy sauce, garlic, pizza, pork, white rice, bok choy, pepper",264.0,648.975952
dish_1558468632,chicken,103.0,169.949997
dish_1562181217,"salt, buttermilk, chicken, flour, parsley, lemon juice, vegetable oil, thyme, garlic",199.0,546.484497
dish_1563565805,"shallots, garlic, mushroom, fish, cherry tomatoes, chard, kale, salt, bok choy, wheat berry, olive oil, parsley, lemon juice, onions, chive",360.0,157.493027
dish_1558632990,cauliflower,101.0,25.25
dish_1559933818,"salt, olives, garlic, mustard, vinegar, brussels sprouts, olive oil, goat cheese, mixed greens, pears, pepper",154.0,115.066795
dish_1566329257,"tofu, vinegar, shallots, beef, spinach (cooked), bok choy, cauliflower, millet, salt, olive oil, onions",537.0,321.025208
dish_1563563467,"bok choy, olive oil",119.0,40.750244
dish_1563295360,"bacon, scrambled eggs, olive oil, broccoli",181.0,275.891235
dish_1564688969,cheese pizza,90.0,239.309998
dish_1561579933,"salt, cucumbers, olive oil, basil, onions, bell peppers, feta cheese, blueberries, chicken, shallots, spinach (cooked), lemon juice, vinegar, chard, beef, white wine, walnuts, mustard, cream, wheat berry, oregano, cherry tomatoes, millet, bok choy, olives, lettuce, garlic, thyme, butter, arugula, mushroom, rosemary, vinaigrette, pepper",306.0,447.449249
dish_1561666821,"caesar salad, lettuce, onions, cheese pizza, cucumbers, lime, vinegar, pepper, cherry tomatoes, salt, olive oil, mixed greens",170.0,211.78656
dish_1558723639,cauliflower,41.0,10.25
dish_1558116486,grapes,57.0,39.329998
dish_1558381143,sausage,53.0,182.638
dish_1565033085,mixed greens,55.0,15.4
dish_1562947598,cantaloupe,258.0,87.720001
dish_1562615388,"apple, steak, vinegar, arugula, onions, kale, lemon juice, mustard greens, garlic, roasted potatoes, salt, figs, goat cheese, pineapple, white rice, jalapenos, olive oil, cilantro, broccoli",273.0,360.182037
dish_1562009098,tofu,96.0,70.080002
dish_1562704564,"shallots, cheese pizza, spinach (cooked), olive oil, salt, vinegar, onions, millet, bok choy, beef",124.0,292.022888
dish_1560539396,"fish, quinoa, garlic, pepper, onions, arugula, caesar salad, carrot, olive oil, cilantro, lemon juice, jalapenos, roasted potatoes, salt, tomatillo",417.0,384.044525
dish_1561060558,"pineapple, bok choy, brussels sprouts, tofu, cheese pizza",221.0,194.199005
dish_1562688524,"chicken apple sausage, grapes, roasted potatoes, watermelon",242.0,215.359985
dish_1561578417,"olive oil, cucumbers, onions, cauliflower, spinach (cooked), caesar salad, millet, bok choy, vinaigrette, shallots, vinegar, cheese pizza, lettuce, bell peppers, olives, salt, beef, feta cheese, cherry tomatoes",240.0,289.794373
dish_1558380414,grapes,52.0,35.880001
dish_1558640882,cantaloupe,95.0,32.299999
dish_1558638163,carrot,99.0,40.59
dish_1563567626,"pecans, vinegar, corn on the cob, olive oil, garlic, salt, blueberries, chard, arugula, mustard",248.0,291.838776
dish_1562873790,"salt, lettuce, lime, olive oil, onions, cucumbers, vinegar, cherry tomatoes, pepper, mixed greens",75.0,75.70845
dish_1567023132,"kimchi, olives",84.0,59.200001
dish_1558630867,apple,142.0,73.839996
dish_1566415591,"wheat berry, broccoli, green beans, chard, cherry tomatoes, fish, salt, shallots, garlic, chive, parsley, lemon juice, olive oil",316.0,214.780777
dish_1563811515,"olive oil, egg whites, sausage, sweet potato, cantaloupe, salsa",491.0,298.119385
dish_1558719377,apple,142.0,73.839996
dish_1559674689,honeydew melons,177.0,63.720001
dish_1559061675,watermelon,83.0,24.900002
dish_1561492182,"spinach (raw), vinegar, radishes, fried rice, garlic, salt, mustard, olive oil, blueberries",171.0,250.165695
dish_1564159520,bacon,42.0,227.220001
dish_1557853429,"strawberries, eggs, yam",276.0,330.152985
dish_1560455059,"cherry tomatoes, baby carrots, celery, cucumbers",134.0,25.550001
dish_1558459945,apple,142.0,73.839996
dish_1563220143,"spinach (raw), pepperoni pizza, wheat berry, parmesan cheese, cherry tomatoes, chicken breast, broccoli, salt, garlic, thyme, squash, olive oil",327.0,425.514618
dish_1560360148,"scrambled eggs, sausage, cream cheese, berries, bagels",317.0,587.794006
dish_1564502063,bacon,92.0,497.719971
dish_1562947436,"berries, sausage, pineapple",242.0,282.382019
dish_1563898880,"radishes, scrambled eggs, salsa, vinegar, bacon, mustard, cucumbers, olive oil, garlic, bell peppers, salt, broccoli",441.0,643.618408
dish_1566415520,"olive oil, green beans",143.0,74.824753
dish_1562784347,"salt, parsley, lemon juice, cranberries, olive oil, mustard greens, pizza, shallots, corn on the cob, arugula, eggplant, apple, garlic, bulgur",264.0,315.988464
dish_1558636514,cherry tomatoes,89.0,16.02
dish_1561404505,"cherry tomatoes, garlic, olive oil, cucumbers, wheat berry, cauliflower, salt, carrot, mixed greens, vinegar, steak, beets, broccoli, lime, pepper",442.0,543.92334
dish_1558724723,broccoli,112.0,39.200001
dish_1564086624,"cheese pizza, corn on the cob",131.0,217.292999
dish_1562689519,cottage cheese,173.0,169.540009
dish_1558640513,"carrot, apple, corn on the cob",245.0,153.845993
dish_1558639588,almonds,21.0,121.401001
dish_1564588483,sausage,51.0,175.746002
dish_1558029518,yam,111.0,137.751007
dish_1563811490,"olive oil, sausage, cantaloupe, sweet potato, egg whites",390.0,268.829376
dish_1562691538,egg whites,96.0,49.919998
dish_1563307488,"orange juice, olive oil, salt, beef, vinegar, soy sauce, chili, onions, kale, green onions, broccoli, garlic, white rice",247.0,538.035156
dish_1558721904,apple,143.0,74.360001
dish_1559245848,orange,127.0,59.689999
dish_1562950895,"sweet potato, olive oil",144.0,137.818542
dish_1563219009,"white rice, garlic, celery, arugula, pepperoni pizza, pork, salt, rosemary, parsley, onions, zucchini, olive oil",202.0,388.359711
dish_1559242066,"salt, pepper, carrot, olive oil",53.0,26.053925
dish_1564518542,"onions, lemon juice, garlic, shallots, spinach (cooked), carrot, mixed greens, lettuce, cherry tomatoes, pepper, mushroom, chicken thighs, eggplant, olive oil, lime, cucumbers, salt, cheese pizza, wine, quinoa, vinegar, squash",234.0,342.378204
dish_1562689548,"pineapple, cottage cheese",267.0,216.540009
dish_1566931179,"salt, mixed greens, artichokes, garlic, olive oil, parsley, beets, avocado, vinegar, cauliflower",263.0,204.369385
dish_1556575446,"olives, brussels sprouts, celery",152.0,103.299995
dish_1558723695,corn on the cob,90.0,95.489998
dish_1566934401,"chive, white beans, onions, bell peppers, fish, artichokes, salt, cheese pizza, pepper, parsley, arugula, snow peas, olive oil, garlic, lime",344.0,435.902863
dish_1565711296,"cantaloupe, grapes",110.0,43.349998
dish_1560543525,"olives, tomatoes, caesar salad",187.0,83.43
dish_1563389786,"cherry tomatoes, carrot, grilled chicken, bell peppers, olive oil, onions",564.0,640.137939
dish_1563481061,"wine, cream, mushroom, onions, olive oil, garlic, thyme, salt, cherry tomatoes, pasta, sour cream, chard, spinach (raw), vinegar, mustard, cucumbers, beef, figs",350.0,541.200073
dish_1558459602,spinach (raw),9.0,2.07
dish_1565118999,"bell peppers, onions, cucumbers, lettuce, feta cheese, olives, cherry tomatoes, vinaigrette",288.0,200.386719
dish_1562860700,pineapple,47.0,23.5
dish_1565711083,bacon,33.0,178.529999
dish_1566419603,"caesar salad, roasted potatoes, green beans, cheese pizza, olive oil",252.0,382.924225
dish_1559319971,sweet potato,96.0,72.959999
dish_1558639907,cherry tomatoes,58.0,10.440001
dish_1564429808,"salt, cauliflower, jalapenos, arugula, parsley, lemon juice, thyme, olive oil, carrot, garlic, pepper, wheat berry, pork, mayonnaise, cabbage, shallots, quinoa",422.0,380.679993
dish_1558725576,cauliflower,79.0,19.75
dish_1558109864,almonds,37.0,213.897003
dish_1566413469,"chicken, avocado, olives, parmesan cheese, spinach (raw), broccoli",379.0,459.663025
dish_1558639138,carrot,54.0,22.139999
dish_1558029230,potatoes,115.0,88.549995
dish_1568649430,"broccoli, berries, yam, sweet potato, olive oil, scrambled eggs",327.0,363.658203
dish_1562698100,"squash, olive oil, salt",83.0,24.0219
dish_1562011794,"olive oil, pork, jalapenos, pepper, wheat berry, cabbage, brussels sprouts, carrot, garlic, couscous, parsley, lemon juice, salt, mayonnaise",364.0,514.643005
dish_1561736715,scrambled eggs,109.0,161.320007
dish_1565379320,"pork, bok choy, pepper, salt, sugar, white rice, garlic, soy sauce, carrot, olive oil",247.0,404.011017
dish_1561577549,pizza,49.0,130.340012
dish_1562613867,"salt, bulgur, parsley, cranberries, shallots, mustard greens, olive oil, arugula, lemon juice, apple, garlic",57.0,83.886055
dish_1563393403,"cilantro, lemon juice, quinoa, pepper, garlic, broccoli, salt, onions, zucchini, olive oil, squash, arugula, jalapenos, tomatillo, fish",216.0,103.154633
dish_1567021864,"fish, pepper, blueberries, vinegar, kale, lemon juice, parsley, walnuts, chive, salt, cherry tomatoes, wheat berry, chard, pizza, arugula, mustard, olive oil, shallots, garlic",262.0,342.875641
dish_1558637423,"corn on the cob, grapes, apple, almonds",409.0,948.859009
dish_1568315088,"garlic, cilantro, onions, avocado, olives, salmon, quinoa, lime, salt, chili, spinach (cooked), shallots, olive oil, lemon juice, ginger, jalapenos, spinach (raw), brown rice, vinegar, tomatoes, mushroom, bok choy, millet, beef",423.0,582.370361
dish_1562615103,"apple, salt, figs, lemon juice, mustard greens, olive oil, squash, arugula, goat cheese",110.0,94.288544
dish_1561748274,"garlic, onions, chili, salt, tortilla, cilantro, olive oil, chicken thighs, cheese, tomatoes",260.0,558.514648
dish_1558632198,garden salad,26.0,16.796001
dish_1563824155,"garlic, turnips, broccoli, salt, zucchini, squash, olive oil, wheat berry, lime, steak, pepper, cauliflower, couscous",361.0,455.727905
dish_1565641885,"cheese pizza, asparagus",139.0,254.215988
dish_1568318408,"mixed greens, chicken, broccoli, steak",563.0,907.119995
dish_1558639683,cherry tomatoes,89.0,16.02
dish_1568044528,"sweet potato, olive oil, watermelon",233.0,145.463409
dish_1563208129,"yam, sweet potato, olive oil, scrambled eggs",291.0,426.711243
dish_1558029278,bacon,27.0,146.069992
dish_1558641391,cantaloupe,58.0,19.719999
dish_1558640450,apple,154.0,80.079994
dish_1562956510,"pork, tofu, pepper, white rice, bok choy, garlic, soy sauce, salt, sugar",199.0,221.167068
dish_1563997386,"blueberries, vinegar, spinach (raw), pepper, salt, carrot, olive oil, almonds, parsley, mustard",238.0,215.884918
dish_1558724891,apple,161.0,83.719994
dish_1559678083,"olive oil, cucumbers, salt, parsley, carrot, mixed greens, garlic, cherry tomatoes, vinegar",66.0,75.812004
dish_1563823390,"cauliflower, vinegar, steak, green beans, wheat berry, olive oil, soy sauce, broccoli, garlic, white rice, chicken, tofu, ginger, spinach (raw), lime, salt, green onions",372.0,670.170288
dish_1565117962,"chicken breast, bell peppers, tuna",304.0,379.915985
dish_1566934487,"fish, white beans, cauliflower, garlic, parsley, olive oil, bell peppers, chive, lime, pepper, bok choy, cookies, arugula, snow peas, onions, artichokes, salt, cheese pizza",468.0,553.040955
dish_1558629517,"cauliflower, tomatoes, almonds",167.0,263.218994
dish_1558629677,apple,142.0,73.839996
dish_1566413510,"spinach (raw), parmesan cheese, olive oil, chicken, avocado, olives, broccoli",412.0,751.383057
dish_1558029842,cantaloupe,67.0,22.780001
dish_1568320338,"olive oil, onions, cheese pizza, millet, spinach (cooked), shallots, salt, bok choy, beef, vinegar",163.0,390.180786
dish_1566332154,"spinach (raw), cucumbers, olives, chicken",425.0,401.049988
dish_1563824092,"broccoli, zucchini, salt, olive oil, squash, turnips, pepper",135.0,36.279591
dish_1558630814,almonds,34.0,196.554001
dish_1566331828,"chicken, millet, pepper, spinach (raw), jalapenos, brussels sprouts, olive oil, onions, garlic, salt, tomatoes, bell peppers",306.0,349.583069
dish_1559581378,"onions, cucumbers, olive oil, mixed greens, cherry tomatoes, lime, lettuce, eggs, salt, pepper, sausage, broccoli, vinegar, bacon",372.0,705.734741
dish_1567537252,"pepper, white rice, kale, olive oil, soy sauce, chili, salt, vinegar, beef, onions, carrot, orange juice, garlic, broccoli, green onions",303.0,464.459564
dish_1563565720,"shallots, chive, salt, kale, lemon juice, parsley, olive oil, wheat berry, chard, mushroom, cherry tomatoes, fish, garlic",149.0,84.662781
dish_1558720335,cantaloupe,46.0,15.64
dish_1563305837,"kale, croutons, caesar dressing, parmesan cheese",14.0,11.431157
dish_1564590254,"pineapple, watermelon, berries, cantaloupe, sweet potato, olive oil",432.0,248.535843
dish_1563550976,"bacon, cheese, scrambled eggs, roasted potatoes",165.0,284.690002
dish_1565711183,"blackberries, vinaigrette, bacon, granola, mixed greens, egg whites, salt, raspberries, pepper, brussels sprouts, olive oil",461.0,460.42337
dish_1558640105,corn on the cob,73.0,77.453003
dish_1567629106,"caesar salad, cheese pizza",211.0,292.549988
dish_1562094877,"quinoa, squash, eggplant, mushroom, spinach (cooked), shallots, garlic, wine, salt, lemon juice, olive oil, chicken thighs",155.0,234.576111
dish_1566417442,"eggplant, vinegar, cherry tomatoes, salt, mixed greens, celery root, mustard, olive oil",158.0,93.830536
dish_1565810237,"lemon juice, lime, salt, chili, garlic, tofu, cabbage, pumpkin seeds, olive oil, mustard, tomatoes, bell peppers, lettuce, carrot, mixed greens, hominy, parsley, arugula, vinegar, jalapenos, chicken thighs",306.0,349.866394
dish_1560455203,"mixed greens, carrot, lettuce, pumpkin seeds, mustard, olive oil, vinegar, arugula, green beans, honeydew melons, salt",188.0,115.100845
dish_1561740321,"bell peppers, garlic, salt, olive oil, cucumbers, mustard, vinegar, radishes",28.0,52.980408
dish_1558636980,"apple, grapes, carrot, cherry tomatoes, almonds",397.0,222.778
dish_1562949242,"bacon, cantaloupe, olive oil, sweet potato",119.0,139.558533
dish_1562094931,"garlic, shallots, arugula, mushroom, bell peppers, chicken thighs, white beans, squash, onions, olive oil, snow peas, lemon juice, parsley, lime, pepper, spinach (cooked), wine, fish, quinoa, eggplant, salt, artichokes, chive",282.0,376.749084
dish_1564083480,"grilled chicken, olives",133.0,259.701996
dish_1560441311,"bok choy, bacon, quinoa, potatoes",93.0,190.400009
dish_1562605384,"brussels sprouts, scrambled eggs, olive oil, pepper, sweet potato, salt",262.0,306.192841
dish_1567526845,"olive oil, egg whites, watermelon, yam, sweet potato, berries",709.0,448.149994
dish_1568060616,mixed greens,61.0,17.08
dish_1568666357,"chicken, artichokes, lettuce, broccoli, balsamic vinegar, olive oil",603.0,751.679993
dish_1559678104,"cucumbers, olive oil, parsley, garlic, carrot, mixed greens, salt, cherry tomatoes, broccoli, vinegar",135.0,99.962006
dish_1563553735,"vinaigrette, raspberries, mixed greens, granola, blackberries",88.0,114.385803
dish_1559934708,"garlic, quinoa, salt, mushroom, olive oil, chicken thighs, eggplant, squash, white rice, lemon juice, wine, shallots, spinach (cooked), caesar salad",178.0,202.445465
dish_1564590352,"pineapple, cantaloupe, salsa, watermelon, olive oil, sweet potato, berries, egg whites",962.0,497.915833
dish_1559848929,"pears, grapes, mandarin oranges",321.0,189.292007
dish_1559674866,"honeydew melons, grapes, caesar salad",303.0,125.660004
dish_1566502033,"corn on the cob, bok choy, olive oil",253.0,136.217773
dish_1565637608,"white rice, spinach (raw), parmesan cheese, pork, rosemary, parsley, salt, garlic, quinoa, chicken breast, arugula, cherry tomatoes, wheat berry, onions, olive oil, thyme, zucchini, pineapple",278.0,422.28891
dish_1558722103,"cherry tomatoes, cauliflower, apple, cantaloupe, almonds",368.0,304.841003
dish_1564503184,bacon,18.0,97.379997
dish_1561664977,green beans,47.0,14.57
dish_1558641989,cauliflower,55.0,13.75
dish_1562784388,"shallots, apple, eggplant, corn on the cob, pilaf, cranberries, lemon juice, salt, arugula, parsley, pizza, olive oil, mustard greens, garlic, bulgur",358.0,465.636475
dish_1560270537,pineapple,48.0,24.0
dish_1564516732,"carrot, olive oil, salt, pepper",54.0,26.545507
dish_1559585533,broccoli,37.0,12.95
dish_1558633221,"corn on the cob, cherry tomatoes, apple, cauliflower, carrot",449.0,176.878998
dish_1559245920,cauliflower,57.0,14.25
dish_1563820834,"chicken, soy sauce, green beans, spinach (raw), olive oil, zucchini, green onions, salt, broccoli, white rice, ginger, vinegar, squash, pizza, garlic",311.0,308.89444
dish_1561662948,"mixed greens, olive oil, parsley, lemon juice, brown rice, corn on the cob, vinegar, chicken, millet, chive, garlic, salt, carrot, onions, rosemary, basil, green beans, chard, apple",230.0,293.605499
dish_1558459020,cherry tomatoes,61.0,10.98
dish_1558721434,"cherry tomatoes, carrot, cauliflower, cantaloupe",350.0,99.900002
dish_1562785184,"salt, green onions, garlic, caesar salad, country rice, olive oil, onions, eggplant, fish",390.0,290.397949
dish_1559678127,"vinegar, parsley, eggplant, cherry tomatoes, salt, garlic, carrot, mixed greens, olive oil, broccoli, cucumbers",170.0,108.642006
dish_1558372650,grapes,83.0,57.27
dish_1563827425,caesar salad,138.0,60.720001
dish_1563220767,"pork, olive oil, arugula, white rice, salt, rosemary, garlic, onions, parsley, zucchini",130.0,265.894379
dish_1562959059,"garlic, cilantro, salt, pizza, onions, lemon juice, olive oil, jalapenos, pepper, fish, arugula, quinoa, tomatillo, roasted potatoes",216.0,365.76358
dish_1565378770,"pork, wheat berry, pepper, bok choy, carrot, soy sauce, garlic, salt, sugar, white rice, olive oil",287.0,319.280365
dish_1559678651,"ketchup, jalapenos, fish, salt, bell peppers, white rice, cilantro, shallots, lime, olive oil, kale, onions, caesar salad",122.0,107.856659
dish_1562085163,"scrambled eggs, bacon",144.0,279.929993
dish_1562008738,"arugula, chard, vinegar, cauliflower, garlic, salt, olive oil, mustard, pecans, blueberries",109.0,64.066612
dish_1562950091,"roasted potatoes, scrambled eggs, sausage",290.0,550.981995
dish_1565812146,"salt, walnuts, olive oil, mustard, vinegar, chard, blueberries, arugula, pineapple, pepper",93.0,72.94017
dish_1562095340,"cucumbers, onions, olive oil, mustard, garlic, salt, sun dried tomatoes, spinach (raw), vinegar, pizza",381.0,718.957397
dish_1561740353,"bell peppers, garlic, strawberries, cucumbers, mustard, salt, olive oil, vinegar, radishes",96.0,75.42041
dish_1560802048,"squash, olive oil, salt, parmesan cheese, croutons, kale, caesar dressing",83.0,47.213894
dish_1564429744,"parsley, thyme, garlic, shallots, olive oil, lemon juice, arugula, salt, cauliflower, quinoa",374.0,282.477234
dish_1562691409,"yam, scrambled eggs",164.0,225.98999
dish_1564516454,"snow peas, parsley, olive oil, chive, lime, salt, fish, pepper, chicken breast, white beans, arugula, onions, artichokes, garlic, bell peppers, cherry tomatoes, olives",266.0,311.142975
dish_1562183065,mushroom,75.0,16.5
dish_1564685183,"lime, cherry tomatoes, salt, pepper, onions, green beans, cucumbers, vinegar, olive oil, mixed greens, lettuce",150.0,127.107117
dish_1558724658,"brussels sprouts, honeydew melons, broccoli",364.0,138.360001
dish_1561579902,"olive oil, rosemary, lemon juice, butter, pepper, chard, spinach (cooked), shallots, chicken, millet, bok choy, walnuts, mushroom, wheat berry, thyme, onions, basil, olives, salt, garlic, white wine, mustard, blueberries, beef, arugula, vinegar, oregano, cream",247.0,406.397736
dish_1561492228,"cherry tomatoes, blueberries, jalapenos, vinegar, pepper, chicken, parsley, salt, lemon juice, tomatoes, mustard, olive oil, chive, shallots, spinach (raw), chard, radishes, millet, bell peppers, garlic, fish, fried rice, onions, wheat berry",488.0,648.180298
dish_1558629715,"apple, cauliflower, mixed greens",247.0,100.539993
dish_1561736736,"scrambled eggs, bacon",145.0,356.080017
dish_1558113154,grapes,54.0,37.259998
dish_1561392430,"sausage, broccoli, strawberries",149.0,208.746002
dish_1562872981,"lime, salt, couscous, carrot, olive oil, nopales, sour cream, arugula, jicama, corn, fish, cherry tomatoes, parsley, garlic, chive, pepper",288.0,268.319641
dish_1559846528,"pears, broccoli, almonds",267.0,322.726013
dish_1568666230,"lettuce, broccoli",268.0,55.800003
dish_1563551006,"scrambled eggs, cheese, bacon, roasted potatoes, country rice",213.0,357.669189
dish_1566936266,"spinach (cooked), shallots, wine, lemon juice, olive oil, chicken thighs, squash, eggplant, quinoa, mushroom, salt, garlic",146.0,220.955551
dish_1568044496,watermelon,118.0,35.400002
dish_1561146758,bagels,93.0,232.5
dish_1561753400,"cheese, salmon, olive oil, tortilla, salt, garlic, pepper, brown rice, arugula, thyme, chicken thighs, onions, tomatoes, cilantro, chili",178.0,354.682678
dish_1568060501,"tomatoes, cherry tomatoes, garlic, lemon juice, cucumbers, mustard greens, olive oil, parsley, rosemary, lime, fried rice, mangos, white rice, pork, zucchini, jalapenos, arugula, onions, cilantro, salt",413.0,548.655457
dish_1559062005,turkey bacon,30.0,113.909996
dish_1563305047,"salt, broccoli, parsley, lemon juice, kale, green onions, orange juice, wheat berry, eggplant, tofu, pepper, beef, soy sauce, garlic, shallots, chili, onions, thyme, olive oil, vinegar, spinach (raw), carrot, chicken, white rice",806.0,1032.31189
dish_1566502315,"white rice, pork, soy sauce, chard, brown rice, lemon juice, parsley, olive oil, caesar salad, carrot, chive, salt, pepper, bok choy, chicken, rosemary, basil, garlic, sugar",495.0,577.184631
dish_1561392710,watermelon,106.0,31.800001
dish_1567612986,"egg whites, sweet potato, olive oil",524.0,340.226349
dish_1562777099,"salt, pepper, strawberries, sweet potato, scrambled eggs, olive oil, brussels sprouts",306.0,303.718628
dish_1563480476,"salmon, salt, lime, chili, onions, lemon juice, olive oil, ginger, jalapenos, spinach (raw), brown rice, cilantro, shallots, garlic",332.0,517.897095
dish_1565727738,mixed greens,9.0,2.52
dish_1565637162,"garlic, salt, pasta salad, rosemary, zucchini, onions, parsley, olive oil, pork, arugula, white rice",286.0,581.508667
dish_1558027164,bacon,30.0,162.299988
dish_1558457665,"cantaloupe, sweet potato, eggs, cauliflower",325.0,273.204987
dish_1566330428,"vinegar, beef, millet, bok choy, cauliflower, spinach (cooked), shallots, salt, onions, olive oil",228.0,290.690887
dish_1561481606,"bacon, scrambled eggs",141.0,354.089996
dish_1562963676,"green onions, vinegar, radishes, roasted potatoes, olive oil, carrot, soy sauce, caesar salad, mixed greens, cabbage, pizza, rice noodles, garlic",350.0,397.818726
dish_1558381819,tomatoes,65.0,22.1
dish_1565207727,"green onions, garlic, cilantro, broccoli, olive oil, kale, vinegar, white rice, pineapple, fish, salt, pizza, lemon juice, country rice, onions, chicken thighs",231.0,314.77124
dish_1568056217,"carrot, chicken, onions, cherry tomatoes, olives",427.0,480.779968
dish_1559845399,"potatoes, mandarin oranges, strawberries",178.0,107.18
dish_1561393649,"berries, pineapple, cottage cheese",359.0,271.540009
dish_1563476408,"salmon, garlic, shallots, chili, lemon juice, onions, olive oil, cream, jalapenos, brown rice, wine, pasta, cilantro, lime, brownies, salt, mushroom, ginger, spinach (raw), beef, sour cream, thyme",513.0,990.400024
dish_1564518454,cheese pizza,62.0,164.858002
dish_1562873002,"chive, cherry tomatoes, green beans, parsley, olive oil, sour cream, carrot, salt, fish, pepper, corn, jicama, nopales, arugula, garlic, lime, couscous",307.0,278.261444
dish_1565637123,pasta salad,114.0,229.710007
dish_1560543704,"roasted potatoes, cauliflower",161.0,140.009995
dish_1559238566,berries,109.0,62.130001
dish_1564169340,"lemon juice, pepper, cilantro, watermelon, tatsoi, olive oil, cucumbers, sandwiches, chili, tomatoes, garlic, chicken thighs, onions, parsley, tortilla, kale, salt, cheese",518.0,657.517517
dish_1560444570,scrambled eggs,114.0,168.720001
dish_1559846363,"broccoli, pears, mandarin oranges",286.0,154.262009
dish_1558640614,apple,116.0,60.32
dish_1565987081,"spinach (raw), chicken, cucumbers",288.0,268.069977
dish_1562958721,"olive oil, radishes, vinegar, carrot, soy sauce, mixed greens, garlic, cabbage, rice noodles, green onions",167.0,125.724831
dish_1562961609,"sugar, salt, pizza, pork, bok choy, white rice, soy sauce, pepper, garlic",186.0,423.541779
dish_1565640914,"olives, mixed greens, olive oil, black beans, cucumbers, parmesan cheese, chicken",457.0,774.291992
dish_1560455090,"celery, chicken, cucumbers, cherry tomatoes, baby carrots",155.0,60.200001
dish_1561392410,"sausage, broccoli",84.0,187.296005
dish_1566846997,"jalapenos, wheat berry, pork, mayonnaise, pepper, cabbage, carrot, garlic, lemon juice, parsley, salt, olive oil",168.0,343.709656
dish_1561062586,"shallots, garlic, white rice, arugula, parsley, mustard greens, cranberries, olive oil, lemon juice, salt, bulgur, apple",89.0,121.193924
dish_1565799565,"sweet potato, olive oil, egg whites",396.0,240.011719
dish_1561576887,"eggplant, olive oil, salt",47.0,15.500784
dish_1559060106,"bacon, sweet potato, strawberries",195.0,206.369995
dish_1560368712,"asparagus, mustard, lettuce, pumpkin seeds, salt, carrot, mixed greens, vinegar, arugula, olive oil",142.0,146.875183
dish_1565117892,tuna,102.0,132.599991
dish_1561577678,"beef, shallots, spinach (cooked), salt, olive oil, onions, vinegar, millet, bok choy",104.0,218.887756
dish_1563897439,"cantaloupe, broccoli, egg whites, olive oil, sweet potato",578.0,315.31366
dish_1558722842,cherry tomatoes,58.0,10.440001
dish_1565884766,"watermelon, waffles, egg whites",546.0,469.609009
dish_1561575170,cauliflower,171.0,42.75
dish_1563294408,pineapple,83.0,41.5
dish_1564690194,"olive oil, onions, lemon juice, kale, lime, chickpeas, cilantro, millet, white rice, fish, steak, ketchup, lentils, parsley, salt, pears, garlic, bell peppers, shallots, jalapenos, pepper, spinach (raw), green beans, arugula, vinegar",430.0,500.918823
dish_1565369971,"green beans, bacon, olive oil",134.0,221.604736
dish_1564170542,"thyme, zucchini, olive oil, broccoli, salt, salmon, pepper, arugula, brown rice, squash",440.0,523.367859
dish_1563897870,oatmeal,249.0,169.320007
dish_1565204931,"onions, vinegar, chicken thighs, pineapple, white rice, caesar salad, pepper, salt, lemon juice, garlic, olive oil, brussels sprouts, cilantro, kale",515.0,391.326447
dish_1563812615,"mixed greens, granola, vinaigrette, turkey bacon, olive oil, brussels sprouts, pepper, salt, raspberries, blackberries, egg whites",386.0,402.784088
dish_1568055986,"olives, onions",76.0,54.400002
dish_1558028772,"deprecated, honeydew melons, cantaloupe",192.0,64.0
dish_1559846073,"mandarin oranges, broccoli",85.0,39.289997
dish_1566835641,"sweet potato, olive oil, egg whites",546.0,312.766815
dish_1562790295,"walnuts, salt, mustard, grilled chicken, blueberries, olive oil, arugula, chard, vinegar, pepper, eggplant",268.0,538.709778
dish_1562871297,cheese pizza,47.0,124.973
dish_1562690074,"mixed greens, onions, lettuce, lime, cucumbers, olive oil, vinegar, pepper, cherry tomatoes, bacon, salt",104.0,263.402344
dish_1568060414,"mangos, lime, cilantro, onions, mustard greens, olive oil, arugula, cucumbers, jalapenos, lemon juice, salt, cherry tomatoes, tomatoes",146.0,53.598557
dish_1562169840,"sausage, olive oil, brussels sprouts, mixed greens, raspberries, salt, vinaigrette, pepper, granola, scrambled eggs, blackberries",389.0,739.663696
dish_1558459059,grapes,42.0,28.98
dish_1559589942,"mushroom, asparagus, pizza",179.0,290.348022
dish_1561576320,"vinaigrette, salt, chicken, white wine, wheat berry, rosemary, mushroom, cucumbers, onions, oregano, olive oil, lettuce, pepper, olives, cherry tomatoes, feta cheese, arugula, cream, butter, shallots, garlic, thyme, bell peppers, roasted potatoes, lemon juice, basil",383.0,494.797546
dish_1565809120,"bell peppers, onions, cherry tomatoes, tuna, lemon juice, carrot",502.0,365.630005
dish_1562700685,mushroom,110.0,24.200001
dish_1566333291,"spinach (cooked), salt, tomatoes, bell peppers, onions, garlic, pepper, caesar salad, brussels sprouts, jalapenos, cauliflower, millet, bok choy, shallots, olive oil, vinegar, spinach (raw), beef, chicken, cheese pizza",439.0,549.755615
dish_1565797671,"berries, watermelon",102.0,39.239998
dish_1559933834,"pepper, salmon, pears, parsley, lemon juice, lentils, vinegar, arugula, olive oil, brussels sprouts, chive, pickles, olives, mayonnaise, shallots, kale, mustard, cherry tomatoes, garlic, mixed greens, goat cheese, salt",458.0,775.029236
dish_1565640894,"mixed greens, chicken, cucumbers, olives, black beans, parmesan cheese",422.0,464.892029
dish_1568405306,"garlic, kale, mustard greens, caesar dressing, spinach (raw), vinegar, salmon, croutons, tomatoes, salt, cucumbers, olive oil, mustard, thyme, arugula, parmesan cheese, brown rice, tofu, pepper",336.0,421.239746
dish_1563308353,"salt, carrot, eggplant, olive oil",140.0,51.465488
dish_1562686577,"chicken apple sausage, berries, scrambled eggs, yam",531.0,556.563965
dish_1560961107,"bagels, cream cheese, berries, sweet potato",320.0,352.820007
dish_1563475788,pineapple,78.0,39.0
dish_1562096584,"beets, olive oil, vinegar, quinoa, artichokes, mixed greens, garlic, parsley, salt, green beans",90.0,94.99057
dish_1565799597,"egg whites, watermelon, sweet potato, olive oil",457.0,258.311707
dish_1562959599,"soy sauce, lettuce, cilantro, salt, mixed greens, onions, vinegar, roasted potatoes, white rice, carrot, pepper, quinoa, pumpkin seeds, sugar, garlic, olive oil, cucumbers, jalapenos, spinach (raw), tomatillo, arugula, lemon juice, mustard, chard, pork, bok choy, figs, fish, cherry tomatoes",281.0,403.636139
dish_1558372771,"deprecated, grapes, sausage, almonds",311.0,522.609985
dish_1565987116,"chicken, olives, spinach (raw), cucumbers",397.0,393.419983
dish_1564169932,"cilantro, pepper, parsley, lemon juice, tatsoi, olive oil, kale, onions, chili, cheese, chicken thighs, tortilla, tomatoes, cucumbers, salt, garlic",473.0,766.626526
dish_1564000417,cheese pizza,128.0,340.35199
dish_1567022180,"bell peppers, carrot, cherry tomatoes",162.0,48.860001
dish_1562009148,"carrot, mayonnaise, pepper, tofu, pork, wheat berry, jalapenos, olive oil, brussels sprouts, lemon juice, salt, parsley, garlic, cabbage",210.0,226.547165
dish_1566416455,"thyme, white wine, basil, wheat berry, chard, eggplant, green beans, lemon juice, parsley, chicken, arugula, mushroom, chive, fish, cherry tomatoes, pepper, oregano, cream, butter, rosemary, garlic, shallots, olive oil, roasted potatoes, salt",403.0,372.326599
dish_1566849295,"mixed greens, avocado, parmesan cheese, olives",239.0,348.752014
dish_1562958603,"olives, chicken salad, chickpeas",93.0,171.839996
dish_1558457415,sweet potato,80.0,60.799999
dish_1566419510,cheese pizza,103.0,273.876984
dish_1558029686,bacon,22.0,119.019997
dish_1561392386,sausage,51.0,175.746002
dish_1564685482,"millet, steak, olive oil, pizza, lime, salt, mixed greens, cherry tomatoes, pepper, spinach (raw), vinegar, ketchup, lettuce, cucumbers, onions, brownies, bell peppers",337.0,851.396545
dish_1562181247,"lemon juice, vegetable oil, thyme, garlic, salt, bacon, buttermilk, flour, chicken, parsley",220.0,660.094482
dish_1559841061,"blackberries, chicken apple sausage",99.0,96.389999
dish_1564171996,"pepper, zucchini, garlic, brown rice, wheat berry, arugula, olive oil, thyme, tatsoi, kale, lemon juice, parsley, cucumbers, squash, salmon, broccoli, salt",484.0,519.50116
dish_1558641007,carrot,57.0,23.369999
dish_1561148336,"lime, tomatoes, cheese pizza, cilantro, lemon juice, olive oil, mustard greens, cucumbers, onions, jalapenos, cherry tomatoes, arugula, salt, mangos",68.0,128.098618
dish_1565382833,"tofu, carrot, salt, pepperoni pizza, roasted potatoes, pepper, olive oil",228.0,396.63858
dish_1558380804,mixed greens,27.0,7.56
dish_1558642021,"apple, corn on the cob, cherry tomatoes, cauliflower",421.0,228.899994
dish_1561751897,"brown rice, arugula, salmon, thyme, olive oil, pepper, salt",199.0,354.020905
dish_1562008549,"thyme, garlic, cucumbers, parsley, brussels sprouts, jalapenos, mayonnaise, wheat berry, pork, arugula, shallots, caesar salad, pepper, salt, carrot, olive oil, cabbage, lemon juice, quinoa",405.0,417.129517
dish_1558725193,almonds,132.0,763.092041
dish_1561661479,"salt, garlic, sugar, soy sauce, bok choy, pork, pepper, white rice, cucumbers",166.0,242.17569
dish_1568319899,"pizza, shallots, olive oil, bell peppers, lemon juice, cilantro, lime, salmon, green beans, vinegar, spinach (raw), mustard, cucumbers, onions, jalapenos, garlic, salt, chili, radishes, ginger, brown rice",377.0,627.65625
dish_1559059924,bacon,20.0,108.199997
dish_1562602945,"greek yogurt, milk, watermelon, sweet potato, egg whites, strawberries, berries, chia seeds",492.0,308.372284
dish_1556573514,mixed greens,23.0,6.44
dish_1562603813,hash browns,146.0,475.959991
dish_1568666329,"artichokes, olive oil, lettuce, broccoli, chicken",594.0,743.76001
dish_1559239912,orange,128.0,60.16
dish_1559243887,almonds,50.0,289.050018
dish_1558640311,"grapes, cantaloupe, cherry tomatoes",276.0,105.879997
dish_1562876732,"parsley, cheese pizza, garlic, rosemary, zucchini, thyme, olive oil, caesar salad, spinach (raw), green beans, salt, basil, lemon juice, country rice, squash, wheat berry, pepper, chicken",291.0,350.566833
dish_1563294491,"pineapple, grapes, strawberries, watermelon",328.0,146.979996
dish_1558628760,"berries, yam, sweet potato, bacon",198.0,231.314499
dish_1565721828,"zucchini, chayote squash, roasted potatoes",239.0,129.225006
dish_1562085132,bacon,17.0,91.970001
dish_1561574623,"arugula, eggplant, rosemary, salt, shallots, white wine, pepper, basil, lemon juice, oregano, olive oil, thyme, cream, butter, garlic, chicken, wheat berry, mushroom",152.0,117.602783
dish_1560367193,"onions, olive oil, salt, honeydew melons, green onions, garlic, cherry tomatoes, fish, asparagus, mushroom, country rice, tofu",317.0,131.041962
dish_1562699612,"brown rice, quinoa, olive oil",74.0,98.391266
dish_1560369255,"brown rice, pork, salt, vinegar, cherry tomatoes, pepper, basil, garlic, parsley, shallots, onions, broccoli, lemon juice, olive oil",61.0,132.666138
dish_1565021675,"sweet potato, egg whites, honeydew melons, olive oil",575.0,331.581451
dish_1562872396,"thyme, garlic, lemon juice, zucchini, wheat berry, pepper, salt, olive oil, basil, rosemary, parsley, spinach (raw), squash, chicken, bok choy",186.0,179.563156
dish_1559241099,"salt, pepper, olive oil, carrot, orange, pears",382.0,201.346771
dish_1562602589,sausage,106.0,365.276001
dish_1560802853,"pepper, parmesan cheese, spinach (raw), squash, olive oil, parsley, lemon juice, salt, garlic, white rice, chicken breast, cherry tomatoes, wheat berry, thyme, kale, bulgur, chickpeas",118.0,136.532196
dish_1562603867,"mixed greens, hash browns, raspberries, blackberries, sausage, vinaigrette, granola",369.0,1049.11731
dish_1558382263,"olives, chicken, avocado, spinach (raw), tomatoes, broccoli, green beans",425.0,356.629974
dish_1560367333,"olive oil, mushroom, vinegar, fish, chicken, carrot, mixed greens, garlic, cucumbers, country rice, arugula, beets, tofu, cherry tomatoes, asparagus, pumpkin seeds, honeydew melons, green onions, onions, salt, lettuce, mustard",427.0,291.633301
dish_1566416299,"green beans, olive oil",86.0,44.9995
dish_1563221602,"garlic, mustard, onions, cranberries, wheat berry, pepperoni pizza, chicken breast, apple, salt, broccoli, thyme, olive oil, squash, vinegar, spinach (raw), parmesan cheese, cherry tomatoes",306.0,447.893616
dish_1558114484,bacon,28.0,151.479996
dish_1563555543,"scrambled eggs, pineapple",280.0,268.380005
dish_1563305005,"carrot, beef, chicken, wheat berry, tofu, spinach (raw), vinegar, onions, thyme, olive oil, broccoli, salt, garlic, soy sauce, white rice, orange juice, parsley, kale, lemon juice, pepper, shallots, chili, green onions",720.0,1003.948853
dish_1565383062,"olives, chicken, cucumbers, spinach (raw)",403.0,362.960022
dish_1560798815,"cheese pizza, broccoli, kale, caesar dressing, tofu, parmesan cheese, croutons, cauliflower",341.0,404.963837
dish_1562010293,"pork, wheat berry, jalapenos, mayonnaise, pepper, caesar salad, carrot, garlic, salt, cabbage, lemon juice, parsley, olive oil",404.0,633.833069
dish_1562686520,"chicken apple sausage, scrambled eggs",226.0,346.47998
dish_1558380014,grapes,134.0,92.459999
dish_1562613010,"mixed greens, cod",128.0,90.271996
dish_1558631932,"apple, corn on the cob, cherry tomatoes",355.0,214.931992
dish_1563911185,"olive oil, green beans, onions, tomatoes, bell peppers, salt, millet, chicken, garlic, pepper, spinach (raw), jalapenos",133.0,159.809174
dish_1565194906,"grapes, watermelon, pepper, salsa, carrot, salt, egg whites, olive oil, sweet potato",839.0,451.795471
dish_1560367698,"olive oil, vinegar, cherry tomatoes, shallots, parsley, basil, lemon juice, brown rice, pepper, white rice, garlic, onions, salt, broccoli, pork",295.0,556.721252
dish_1558379712,almonds,119.0,687.939026
dish_1567612954,"olive oil, sweet potato",155.0,148.346344
dish_1558722968,"cherry tomatoes, cauliflower, almonds, corn on the cob",284.0,560.286011
dish_1562949205,"cantaloupe, bacon",57.0,80.220001
dish_1566332268,"olives, chicken, spinach (raw), avocado, caesar dressing, cucumbers",595.0,567.580994
dish_1558116436,bacon,17.0,91.970001
dish_1566849387,"parmesan cheese, caesar salad, olives, chicken, mixed greens, avocado",517.0,619.901978
dish_1561481673,"honeydew melons, yam, bacon, scrambled eggs",324.0,496.617004
dish_1558380181,"almonds, deprecated, grapes",313.0,374.936005
dish_1567625294,avocado,32.0,51.200001
dish_1564169644,cheese pizza,163.0,433.416992
dish_1558640941,carrot,53.0,21.73
dish_1559844611,grapes,81.0,55.889999
dish_1558028492,cantaloupe,61.0,20.74
dish_1563395449,"tortilla chips, pepper, cheese, black beans, squash, zucchini, sour cream, chili, tomatoes, cherry tomatoes, carrot, broccoli, cheese pizza, corn, spinach (raw), olive oil, onions, lime, garlic, salt",222.0,214.63649
dish_1568313640,"onions, mushroom, mixed greens, avocado",145.0,71.139999
dish_1561492665,"green onions, salt, caesar salad, garlic, onions, olive oil, country rice, fish",93.0,81.950653
dish_1563555563,"scrambled eggs, pineapple, bacon",304.0,398.220001
dish_1566849269,"avocado, parmesan cheese, mixed greens",153.0,249.85202
dish_1565194823,"sweet potato, salt, pepper, olive oil, carrot, egg whites, grapes",619.0,386.59552
dish_1562008517,"garlic, arugula, mayonnaise, thyme, olive oil, parsley, cucumbers, salt, shallots, pepper, quinoa, jalapenos, wheat berry, pork, brussels sprouts, lemon juice, cabbage, carrot",370.0,401.729523
dish_1558026684,cantaloupe,71.0,24.139999
dish_1562602803,"chia seeds, greek yogurt, milk",120.0,121.742279
dish_1559842374,"almonds, mandarin oranges, broccoli",137.0,345.333008
dish_1562872470,"chive, jicama, squash, arugula, couscous, spinach (raw), rosemary, parsley, thyme, olive oil, carrot, sour cream, fish, pepper, salt, corn, chicken, bok choy, wheat berry, nopales, lemon juice, basil, zucchini, garlic, lime",282.0,286.3815
dish_1562875898,"bok choy, corn, jicama, arugula, nopales, sour cream, olive oil, garlic, chive, carrot, lime, fish, pepper, parsley, salt, couscous",342.0,271.116394
dish_1559843052,"strawberries, mandarin oranges",130.0,53.5
dish_1564432165,"lime, mixed greens, cherry tomatoes, olive oil, vinegar, cucumbers, pepperoni pizza, onions, pineapple, pepper, salt, lettuce",160.0,246.028381
dish_1562617416,"broccoli, pepperoni pizza, caesar salad",168.0,200.949997
dish_1567110756,pizza,42.0,111.720001
dish_1559846585,pears,201.0,114.972008
dish_1558632080,corn on the cob,68.0,72.148003
dish_1568405405,"tomatoes, garlic, olive oil, mustard greens, cucumbers, mustard, vinegar, spinach (raw), salt",74.0,83.715767
dish_1560541680,"salt, walnuts, olive oil, mustard, chard, arugula, vinegar, blueberries, pepper",77.0,95.052574
dish_1562963648,"mixed greens, caesar salad, carrot, cabbage, pizza, rice noodles, garlic, soy sauce, olive oil, green onions, vinegar, radishes",247.0,252.588776
dish_1565022027,"sweet potato, egg whites, olive oil",267.0,178.176575
dish_1562686492,chicken apple sausage,100.0,160.0
dish_1563997418,"garlic, shallots, steak, pepper, spinach (raw), blueberries, tatsoi, lemon juice, parsley, mustard, almonds, jalapenos, brown rice, vinegar, olive oil, salt, cilantro, carrot",400.0,608.703918
dish_1562686664,berries,209.0,119.129997
dish_1565724552,"zucchini, broccoli, olive oil, chayote squash",298.0,108.80024
dish_1560453294,"kimchi, pepper, chicken, wheat berry, basil, garlic, thyme, salt, spinach (raw), squash, parsley, zucchini, lemon juice, rosemary, olive oil",138.0,115.954453
dish_1566500963,spinach (raw),25.0,5.75
dish_1562783605,mixed greens,270.0,75.599998
dish_1562011727,"wheat berry, pork, jalapenos, lemon juice, pepper, cabbage, carrot, garlic, salt, parsley, mayonnaise, olive oil",182.0,372.352112
dish_1566847043,"carrot, garlic, salt, lemon juice, parsley, cabbage, squash, jalapenos, pork, wheat berry, olive oil, mayonnaise, pepper",483.0,434.877106
dish_1565884738,"watermelon, egg whites",463.0,228.659988
dish_1565726915,"olive oil, arugula, vinegar, roasted potatoes, squash, celery root, onions, broccoli, mustard, salt, cranberries",251.0,196.879501
dish_1563824406,"cherry tomatoes, carrot, bell peppers, olives, grilled chicken, onions",387.0,474.136047
dish_1561737223,"sausage, broccoli, egg whites",334.0,503.782013
dish_1566502271,"chard, parsley, chive, olive oil, carrot, caesar salad, garlic, salt, chicken, lemon juice, basil, brown rice, rosemary",359.0,296.816895
dish_1564605328,"lettuce, bell peppers, cherry tomatoes, onions, cucumbers, feta cheese, vinaigrette, olives, cheese pizza",349.0,541.238098
dish_1559332822,"cherry tomatoes, arugula, vinegar, cucumbers, zucchini, thyme, olive oil, pepper, salt, lettuce, salmon, lime, brown rice, chayote squash, onions, mixed greens",408.0,540.587341
dish_1563908957,"caesar salad, olive oil, green beans",159.0,73.872749
dish_1567542986,"broccoli, cheese pizza, salt, carrot, olive oil, onions, pineapple, beef, pepper, cilantro, soy sauce, lemon juice, kale, orange juice, vinegar, caesar salad, chicken thighs, chili, white rice, green onions, garlic",498.0,605.856323
dish_1568401090,"broccoli, mixed greens, avocado, olive oil, chicken",614.0,1158.98999
dish_1567106646,"cherry tomatoes, bell peppers, onions",201.0,61.040001
dish_1563302391,"thyme, lemon juice, parsley, shallots, garlic, salt, roasted potatoes, chicken, spinach (raw), mushroom, wheat berry, olive oil",311.0,401.215424
dish_1560369273,"vinegar, brown rice, olive oil, onions, basil, salt, garlic, fish, cherry tomatoes, pepper, pork, country rice, lemon juice, parsley, broccoli, green onions, shallots",221.0,308.951691
dish_1566934085,"olive oil, cauliflower, bok choy",259.0,82.590729
dish_1558115169,bacon,28.0,151.479996
dish_1560442374,grapefruit juice,233.0,90.637001
dish_1560527225,"garlic, tomatoes, mustard greens, potatoes, olive oil, cucumbers, vinegar, spinach (raw), mustard, bacon, sausage, scrambled eggs, berries, salt",503.0,937.789368
dish_1558628711,"yam, sweet potato",129.0,129.064499
dish_1567106668,"onions, cherry tomatoes, carrot, bell peppers",248.0,80.309998
dish_1560357297,"sausage, scrambled eggs",492.0,942.454041
dish_1560444756,"honeydew melons, pineapple, watermelon",418.0,150.779999
dish_1558110245,berries,51.0,29.07
dish_1563913588,cheese pizza,68.0,180.811996
dish_1565728591,"parsley, thyme, olive oil, onions, wheat berry, squash, spinach (raw), vinegar, beef, garlic, shallots, chicken, bok choy, salt, cheese pizza, lemon juice, roasted potatoes, broccoli, millet, spinach (cooked)",322.0,388.406616
dish_1556575700,plate only,86.0,0.0
dish_1562787745,"garlic, bulgur, salt, shallots, cranberries, mustard greens, olive oil, lemon juice, arugula, parsley, apple",58.0,85.357742
dish_1563900120,"sweet potato, olive oil",49.0,46.896584
dish_1560874548,berries,72.0,41.040001
dish_1558721959,cherry tomatoes,62.0,11.160001
dish_1561491154,"cherry tomatoes, chive, garlic, olive oil, parsley, spinach (raw), chard, vinegar, fish, shallots, mustard, lemon juice, blueberries, wheat berry, radishes, salt",158.0,166.137466
dish_1563477736,"shallots, salmon, vinegar, spinach (raw), parsley, lemon juice, chili, garlic, cilantro, salt, jalapenos, pepper, ginger, brown rice, apple, olive oil, brussels sprouts, onions, lime, millet, mixed greens",234.0,277.047302
dish_1558639195,"grapes, carrot, corn on the cob, apple",346.0,238.25
dish_1560454970,cherry tomatoes,55.0,9.900001
dish_1556575083,brussels sprouts,64.0,27.52
dish_1563218201,grilled chicken,156.0,352.872009
dish_1558722748,corn on the cob,49.0,51.988998
dish_1567628193,"quinoa, apple, arugula, chard, onions, kale, garlic, cranberries, shallots, country rice, green onions, bulgur, fish, parsley, lemon juice, mustard greens, olive oil, salt",439.0,492.683044
dish_1566328988,"bok choy, shallots, beef, vinegar, jalapenos, bell peppers, spinach (raw), pepper, onions, olive oil, tomatoes, garlic, fried rice, chicken, cheese pizza, salt, spinach (cooked), millet",398.0,747.747803
dish_1560441339,"bacon, quinoa, potatoes, bok choy, scrambled eggs",154.0,280.679993
dish_1563898688,broccoli,93.0,32.549999
dish_1565021965,egg whites,177.0,92.039993
dish_1561753021,"garlic, cheese, pepper, arugula, brown rice, caesar salad, chicken thighs, onions, olive oil, salt, cilantro, salmon, thyme, tortilla, tomatoes, chili",573.0,918.175781
dish_1565640576,"olive oil, lemon juice, onions, salt, cilantro, white rice, cherry tomatoes, jalapenos, arugula, mangos, pork, mustard greens, cucumbers, tomatoes, parsley, lime, garlic, rosemary, asparagus, zucchini",267.0,307.28656
dish_1560543605,"pepper, tomatillo, salt, olives, chicken, brown rice, jalapenos, arugula, olive oil, onions, vinegar, garlic, broccoli, green onions, tomatoes, white rice, green beans, spinach (raw), ginger, lemon juice, soy sauce, caesar salad, quinoa, cilantro, fish",501.0,485.570892
dish_1560961385,"sweet potato, scrambled eggs, strawberries, broccoli",293.0,249.519989
dish_1564590115,"sweet potato, olive oil",121.0,115.805847
dish_1561577731,"shallots, mushroom, salt, onions, olive oil, cauliflower, vinegar, beef, spinach (cooked), bok choy, millet",334.0,274.257721
dish_1568044634,"salsa, sweet potato, olive oil, egg whites, watermelon",789.0,413.19339
dish_1561663914,"chicken, chive, garlic, vinegar, corn on the cob, soy sauce, pork, pepper, olive oil, white rice, carrot, apple, bok choy, chard, brown rice, green beans, basil, rosemary, salt, lemon juice, parsley, onions, sugar, mixed greens, millet",205.0,257.398834
dish_1564082323,"garlic, white rice, caesar salad, brown rice, chard, pork, basil, parsley, rosemary, soy sauce, carrot, chicken, pepper, olive oil, lemon juice, bok choy, salt, chive, sugar",518.0,748.861206
dish_1562613898,"shallots, salt, bulgur, lemon juice, mustard greens, olive oil, garlic, cranberries, broccoli, arugula, parsley, apple",162.0,120.636047
dish_1563566626,olives,54.0,62.099998
dish_1567023161,"chicken, kimchi, olives",134.0,141.699997
dish_1558722370,cauliflower,79.0,19.75
dish_1561060613,"bok choy, salmon, pineapple, jalapenos, olive oil, chili, cilantro, salt, cheese pizza, ginger, tofu, spinach (raw), brown rice, lemon juice, onions, lime, brussels sprouts, shallots, garlic",304.0,323.673248
dish_1561575445,"salt, eggplant, cauliflower, olive oil",123.0,35.458431
dish_1559060055,strawberries,81.0,26.730001
dish_1558381840,chicken,69.0,113.849998
dish_1562873416,caesar salad,119.0,52.360001
dish_1558381708,green beans,53.0,16.43
dish_1563553780,"granola, mixed greens, blackberries, raspberries, vinaigrette, bacon, almonds",167.0,557.728821
dish_1561661806,"garlic, salt, sugar, white rice, soy sauce, pork, pepper, bok choy",89.0,183.475952
dish_1563222800,"chicken breast, cherry tomatoes, pork, spinach (raw), pepperoni pizza, onions, zucchini, olive oil, parsley, white rice, wheat berry, parmesan cheese, arugula, rosemary, thyme, garlic, salt",146.0,302.318085
dish_1568060461,"white rice, arugula, parsley, zucchini, olive oil, cherry tomatoes, lime, salt, mangos, pork, jalapenos, rosemary, cucumbers, lemon juice, onions, mustard greens, cilantro, garlic, tomatoes",304.0,376.762451
dish_1560961202,"scrambled eggs, broccoli",153.0,171.069992
dish_1561737293,"broccoli, cantaloupe, sausage, pineapple, egg whites, hash browns",636.0,801.822021
dish_1566590946,"thyme, olive oil, salt, brown rice, arugula, pepper, salmon",228.0,405.611877
dish_1565021220,"turnips, egg whites, sweet potato, salt, olive oil, waffles, tofu, pepper, sausage",361.0,543.713135
dish_1562701956,cherry tomatoes,38.0,6.84
dish_1563475874,"pineapple, honeydew melons, cauliflower",251.0,93.029999
dish_1563551360,scrambled eggs,218.0,322.640015
dish_1563563289,"olives, grilled chicken, cherry tomatoes",218.0,331.901978
dish_1562009182,"pepper, mustard, pecans, brussels sprouts, parsley, chard, wheat berry, blueberries, garlic, vinegar, carrot, olive oil, cabbage, lemon juice, arugula, mayonnaise, tofu, pork, jalapenos, salt",274.0,306.229919
dish_1562007763,"salt, arugula, quinoa, parsley, caesar salad, garlic, shallots, lemon juice, thyme, olive oil",298.0,290.70047
dish_1559845046,"potatoes, mandarin oranges, broccoli, almonds",207.0,313.625977
dish_1563219056,"white rice, olives, pepperoni pizza, arugula, cherry tomatoes, pork, rosemary, parsley, onions, zucchini, olive oil, salt, celery, garlic",258.0,416.869659
dish_1559846334,"pears, broccoli",233.0,126.172005
dish_1565033220,"mixed greens, olives, broccoli, chicken, vinaigrette",578.0,908.60498
dish_1562010394,"pepper, garlic, cucumbers, lemon juice, parsley, onions, vinegar, wheat berry, cherry tomatoes, salt, lime, mixed greens, carrot, olive oil, cabbage, mayonnaise, jalapenos, pork, lettuce",116.0,188.610443
dish_1563395341,cheese pizza,54.0,143.585999
dish_1558114609,"grapes, sausage, almonds, bacon",160.0,540.89801
dish_1566415558,"olive oil, parsley, lemon juice, salt, garlic, shallots, chive, cherry tomatoes, fish, chard, green beans, wheat berry",234.0,169.100739
dish_1558629578,cauliflower,90.0,22.5
dish_1559593722,"kale, vinegar, blueberries, chard, salt, pepper, quinoa, pumpkin seeds, walnuts, olive oil, arugula, mustard",106.0,140.562927
dish_1561480439,"turkey bacon, pineapple, berries",189.0,155.161987
dish_1562702355,"bell peppers, lettuce, onions, cucumbers, vinaigrette, cherry tomatoes, feta cheese, olives",99.0,68.882935
dish_1563220171,"olive oil, wheat berry, thyme, broccoli, salt, garlic, brown rice, parmesan cheese, cherry tomatoes, chicken breast, spinach (raw), pepperoni pizza, squash",363.0,465.47464
dish_1568314951,"salt, lime, spinach (cooked), cilantro, olive oil, onions, avocado, spinach (raw), jalapenos, lemon juice, salmon, chili, tomatoes, shallots, garlic, ginger, brown rice, vinegar, bok choy, millet, beef",325.0,496.129456
dish_1559674781,"grapes, honeydew melons",203.0,81.660004
dish_1563827162,"soy sauce, white rice, ginger, squash, olive oil, garlic, green onions, cheese pizza, broccoli, caesar salad, pineapple, chicken, spinach (raw), green beans, vinegar, zucchini, salt",354.0,319.539948
dish_1560798707,"broccoli, cheese pizza",139.0,298.022003
dish_1568315177,"quinoa, ginger, jalapenos, brown rice, caesar dressing, olive oil, cilantro, chili, lime, salt, millet, bok choy, parmesan cheese, avocado, spinach (raw), green beans, mushroom, garlic, olives, salmon, lemon juice, kale, beef, vinegar, onions, croutons, spinach (cooked), shallots, tomatoes",497.0,637.806702
dish_1558031675,"yam, bacon, cantaloupe",180.0,248.882004
dish_1558116001,"almonds, grapes, sausage, bacon, potatoes",223.0,569.807007
dish_1560369102,"garlic, mustard, salt, olive oil, blueberries, spinach (raw), vinegar, radishes, asparagus",121.0,69.738571
dish_1558724932,almonds,72.0,416.231995
dish_1561741174,"scrambled eggs, bacon",113.0,245.839996
dish_1560367676,"olive oil, shallots, broccoli, onions, parsley, garlic, basil, lemon juice, vinegar, pork, brown rice, salt, cherry tomatoes, pepper",198.0,430.621216
dish_1560356566,"scrambled eggs, bacon",213.0,676.799988
dish_1558640563,cherry tomatoes,23.0,4.14
dish_1562688482,"roasted potatoes, chicken apple sausage, grapes",169.0,193.459991
dish_1562875241,"chicken, pepper, squash, wheat berry, basil, olive oil, rosemary, pizza, salt, garlic, spinach (raw), thyme, parsley, zucchini, lemon juice, caesar salad",275.0,479.689514
dish_1563563240,olives,42.0,48.299999
dish_1565711270,cantaloupe,93.0,31.620001
dish_1565378680,"olive oil, wheat berry",81.0,92.418648
dish_1565972429,"olive oil, egg whites, sweet potato, salsa",831.0,468.493896
dish_1558719145,"cantaloupe, cherry tomatoes, almonds, apple",416.0,547.072998
dish_1561578676,"onions, olive oil, cauliflower, salt, roasted potatoes, millet, spinach (cooked), shallots, bok choy, beef, mushroom, vinegar",224.0,212.034836
dish_1560366410,"blueberries, mustard, walnuts, salt, pepper, asparagus, olive oil, arugula, chard, vinegar",96.0,58.741066
dish_1565637504,pineapple,56.0,28.0
dish_1559667994,"scrambled eggs, hash browns, bagels, cream cheese",213.0,445.299988
dish_1567613019,"sweet potato, olive oil, watermelon, egg whites",645.0,376.526337
dish_1562777037,"brussels sprouts, scrambled eggs, olive oil, pepper, salt",171.0,215.273514
dish_1558640849,"apple, cauliflower, carrot",238.0,105.23999
dish_1562603895,"blackberries, mixed greens, vinaigrette, hash browns, scrambled eggs, raspberries, granola, sausage",517.0,1268.157349
dish_1558457468,cantaloupe,70.0,23.800001
dish_1558630038,cauliflower,51.0,12.75
dish_1564170836,"salmon, olive oil, arugula, brown rice, salt, pepper, thyme",135.0,240.164917
dish_1564774805,"cherry tomatoes, pepper, mayonnaise, olive oil, lemon juice, parsley, chive, shallots, broccoli, salmon, pickles, arugula, lentils, kale, salt, garlic",353.0,621.091003
dish_1562871537,"squash, white rice, grilled chicken, pepper, cheese pizza, salt, brussels sprouts, olive oil, mushroom",554.0,685.772949
dish_1560527105,"olive oil, mustard greens, cucumbers, tomatoes, mustard, potatoes, salt, garlic, spinach (raw), vinegar",104.0,92.725296
dish_1564590288,"pineapple, watermelon, egg whites, berries, cantaloupe, sweet potato, olive oil",848.0,464.855835
dish_1562008394,cucumbers,24.0,2.4
dish_1562875940,"country rice, lime, parsley, jicama, fish, couscous, garlic, chive, salt, sour cream, nopales, olive oil, arugula, bok choy, pepper, carrot, corn",418.0,386.66684
dish_1563207406,"scrambled eggs, pineapple, egg whites, yam, watermelon, sweet potato, grapes, olive oil",443.0,372.070038
dish_1560975346,"bell peppers, lime, olive oil, chicken thighs, jalapenos, salt, cabbage, parsley, lemon juice, garlic, hominy, tomatoes, chili",224.0,326.338562
dish_1559674074,pizza,53.0,140.980011
dish_1562873264,"pepper, fish, corn, jicama, chive, arugula, parsley, nopales, olive oil, garlic, salt, bok choy, country rice, sour cream, green beans, carrot, lime",595.0,503.60022
dish_1560527745,yogurt,149.0,87.761002
dish_1565195436,"olive oil, chicken apple sausage, sweet potato, bacon",164.0,340.958527
dish_1566844803,"caesar salad, pepperoni pizza",227.0,249.819977
dish_1560456794,"salt, parsley, chive, nopales, lime, olive oil, carrot, garlic, corn, pepper, arugula, fish, sour cream, jicama",188.0,205.283386
dish_1563563378,"carrot, grilled chicken, bell peppers, onions, cherry tomatoes, olives",351.0,385.441956
dish_1563479625,"goat cheese, salt, figs, spinach (raw), shallots, chili, brussels sprouts, ginger, jalapenos, salmon, cauliflower, garlic, lime, onions, lemon juice, mustard greens, olive oil, cilantro, arugula, brown rice, apple, pepper, broccoli",214.0,202.649231
dish_1562871363,"white rice, cheese pizza",140.0,245.872986
dish_1562775356,scrambled eggs,120.0,177.600006
dish_1564086709,"pesto, cheese pizza, caesar salad, cherry tomatoes, pasta, cheese, spinach (raw), corn on the cob, onions",307.0,393.270325
dish_1566316558,"vinegar, garlic, radishes, scrambled eggs, bacon, salt, bell peppers, olive oil, mustard, cucumbers",263.0,490.288025
dish_1568320383,"vinegar, beef, bok choy, shallots, millet, spinach (cooked), quinoa, cheese pizza, salt, onions, olive oil",196.0,437.124115
dish_1558639306,carrot,99.0,40.59
dish_1566931116,cauliflower,142.0,35.5
dish_1561061123,"arugula, tofu, ginger, jalapenos, brown rice, olive oil, mustard greens, onions, chili, lemon juice, garlic, parsley, salmon, apple, pepper, spinach (raw), bulgur, brussels sprouts, lime, salt, cranberries, cilantro, shallots",357.0,399.430664
dish_1563468362,"cottage cheese, pineapple, watermelon, olive oil, sweet potato, berries, yam, egg whites",598.0,411.686035
dish_1560543583,"olives, fish, pepper, tomatoes, quinoa, arugula, lemon juice, cilantro, salt, tomatillo, jalapenos, brown rice, onions, olive oil, garlic, caesar salad",350.0,254.657333
dish_1567542843,"green onions, chili, pineapple, vinegar, onions, olive oil, garlic, salt, broccoli, beef, white rice, chicken thighs, kale, lemon juice, orange juice, cilantro, soy sauce, cheese pizza",216.0,471.296509
dish_1565981848,"carrot, parsley, salt, lemon juice, chive, garlic, olive oil, shallots, wheat berry, cherry tomatoes, tofu, pepper, fish, chard",198.0,147.410431
dish_1561577598,"blueberries, olive oil, spinach (cooked), millet, bok choy, walnuts, salt, mustard, arugula, vinegar, chard, beef, pepper, shallots, onions, pizza",393.0,813.452026
dish_1563565761,"mushroom, wheat berry, chard, cherry tomatoes, fish, onions, salt, garlic, shallots, chive, olive oil, kale, lemon juice, parsley",159.0,88.662773
dish_1561662022,"mixed greens, salt, parsley, onions, lemon juice, olive oil, green beans, vinegar, millet, apple",166.0,159.686279
dish_1565117990,"tuna, chicken breast, bell peppers, cheese pizza",380.0,582.0
dish_1558460138,cherry tomatoes,56.0,10.08
dish_1563479596,"olive oil, lemon juice, salt, broccoli, figs, apple, goat cheese, cauliflower, pepper, arugula, brussels sprouts, mustard greens",151.0,104.373558
dish_1562874203,"carrot, chive, lime, salt, nopales, parsley, olive oil, jicama, arugula, sour cream, pepper, garlic, corn, fish",332.0,362.521729
dish_1564675157,"grapes, watermelon, sweet potato, olive oil",284.0,208.928787
dish_1561580552,cauliflower,89.0,22.25
dish_1561737248,"sausage, egg whites, hash browns, broccoli",394.0,699.382019
dish_1568666303,"artichokes, chicken, lettuce, broccoli",560.0,443.199982
dish_1558638924,cauliflower,25.0,6.25
dish_1561494001,"walnuts, salt, squash, mustard, olive oil, chard, arugula, vinegar, blueberries, pepper",216.0,162.687851
dish_1566502000,"olive oil, bok choy",184.0,63.008781
dish_1562010130,"carrot, olive oil, lemon juice, cabbage, arugula, vinegar, pork, pepper, garlic, salt, chickpeas, brussels sprouts, mustard greens, parsley, jalapenos, mayonnaise, wheat berry",376.0,638.187561
dish_1562097001,"salt, olive oil, mixed greens, lettuce, cucumbers, green beans, parsley, onions, lime, cherry tomatoes, pepper, white beans, vinegar, arugula, pizza, snow peas, garlic, bell peppers, chive, artichokes, fish",418.0,529.879639
dish_1558640477,corn on the cob,56.0,59.416
dish_1561061593,"caesar dressing, parmesan cheese, kale, croutons",52.0,42.458584
dish_1563302420,"chicken, garlic, shallots, mushroom, pepper, spinach (raw), wheat berry, olive oil, thyme, parsley, lemon juice, salt, roasted potatoes, carrot",381.0,435.626282
dish_1557863012,cucumbers,31.0,3.1
dish_1565382803,"salt, pepper, olive oil, carrot, roasted potatoes, pepperoni pizza",177.0,359.408569
dish_1564516760,"eggplant, spinach (cooked), olive oil, carrot, shallots, garlic, wine, mushroom, lemon juice, chicken thighs, squash, quinoa, pepper, salt",329.0,442.728943
dish_1565895879,"kale, chard, olive oil, green beans",231.0,96.681755
dish_1568318316,"mixed greens, steak",297.0,525.419983
dish_1559242155,pears,203.0,116.116005
dish_1567023335,"greek salad, garlic, salt, pecans, raspberries, mustard, olive oil, almonds, blueberries, arugula, vinegar, chard, carrot",117.0,138.336395
dish_1558637932,"corn on the cob, apple, cauliflower, grapes",393.0,248.286987
dish_1563294522,"sweet potato, yam, watermelon, strawberries, olive oil, pineapple, grapes",400.0,250.965668
dish_1565727791,"mixed greens, broccoli, parmesan cheese",99.0,121.074005
dish_1561753477,"tomatoes, celery root, salmon, cheese, vinegar, brown rice, onions, turnips, olive oil, thyme, chili, cherry tomatoes, pepper, chicken thighs, mustard, arugula, tortilla, mixed greens, cilantro, salt, garlic",280.0,432.267029
dish_1564675060,watermelon,77.0,23.1
dish_1566416339,"eggplant, green beans, salt, olive oil",186.0,77.979889
dish_1560441511,"watermelon, cantaloupe, berries",123.0,51.919998
dish_1558640604,apple,117.0,60.839996
dish_1559667973,"bagels, cream cheese, scrambled eggs",179.0,334.460022
dish_1567110811,"bok choy, pepper, vinegar, pizza, cucumbers, olive oil, spinach (cooked), lettuce, cherry tomatoes, beef, millet, onions, lime, mixed greens, shallots, salt",282.0,537.987976
dish_1563568118,"chard, kale, parsley, garlic, shallots, chive, olive oil, salt, fish, cherry tomatoes, wheat berry, lemon juice",134.0,139.833847
dish_1562097653,"beets, onions, vinegar, lettuce, carrot, salt, mustard, arugula, olive oil, wheat berry",102.0,116.16552
dish_1560367153,"honeydew melons, onions, country rice, green onions, garlic, salt, olive oil, tofu, fish, cherry tomatoes, asparagus",254.0,117.181976
dish_1563220058,pepperoni pizza,52.0,146.639999
dish_1558632799,corn on the cob,19.0,20.159
dish_1563305083,"chili, lettuce, shallots, broccoli, olive oil, parsley, chicken, blue cheese, beef, mixed greens, salt, carrot, walnuts, thyme, spinach (raw), eggplant, white rice, pepper, garlic, mustard, lemon juice, kale, wheat berry, green onions, soy sauce, orange juice, onions, tofu, vinegar",901.0,1234.856323
dish_1565034234,cauliflower,175.0,43.75
dish_1564083508,"grilled chicken, olives, cherry tomatoes",225.0,276.261993
dish_1567629081,cheese pizza,90.0,239.309998
dish_1558373405,cantaloupe,40.0,13.6
dish_1562702007,"cherry tomatoes, olive oil, squash, salt",100.0,24.784069
dish_1563811611,scrambled eggs,132.0,195.360001
dish_1566414924,"mustard, olive oil, pecans, salt, garlic, roasted potatoes, blueberries, arugula, vinegar, chard, green beans",227.0,247.482193
dish_1567801830,"caesar salad, cheese pizza, bok choy, sugar, garlic, soy sauce, salt, pepper, white rice, roasted potatoes, pork",201.0,265.072388
dish_1563568025,"fish, cherry tomatoes, salt, bok choy, wheat berry, olive oil, chard, parsley, kale, lemon juice, chive, garlic, shallots, corn on the cob",247.0,244.986359
dish_1561575068,"eggplant, thyme, lemon juice, rosemary, salt, white wine, basil, lettuce, chicken, cucumbers, cherry tomatoes, pepper, mushroom, oregano, wheat berry, olive oil, butter, onions, shallots, garlic, bell peppers, olives, vinaigrette, feta cheese, arugula, cream",436.0,421.936707
dish_1557861795,caesar salad,31.0,13.64
dish_1563389153,"olive oil, vinegar, arugula, chard, pepper, carrot, bulgur, mustard, salt, broccoli, pecans, garlic, blueberries",224.0,346.454468
dish_1563216412,"white rice, broccoli",205.0,172.449982
dish_1561666923,"lettuce, parsley, olive oil, soy sauce, rosemary, cucumbers, onions, brown rice, corn on the cob, vinegar, pepper, cheese pizza, chicken, chive, sugar, caesar salad, lemon juice, chard, pork, bok choy, cherry tomatoes, salt, garlic, mixed greens, basil, green beans, white rice, carrot, lime",425.0,539.63855
dish_1565724235,"spinach (raw), parsley, wheat berry, chicken, broccoli, salt, garlic, olive oil, lemon juice, thyme, shallots",209.0,256.22879
dish_1565897680,"olive oil, wheat berry, mustard, mixed greens, garlic, lime, salt, lettuce, cauliflower, blue cheese, walnuts, green beans, steak, vinegar",405.0,770.448853
dish_1565383128,"parmesan cheese, cucumbers, vinaigrette, olives, chicken, spinach (raw)",456.0,600.278931
dish_1563217804,"cherry tomatoes, white rice, pork, parsley, arugula, zucchini, lemon juice, olive oil, cilantro, broccoli, lime, salt, mangos, garlic, jalapenos, onions, cucumbers, rosemary, mustard greens, tomatoes",459.0,492.934601
dish_1558629041,"eggs, strawberries, carrot, garden salad",226.0,172.004013
dish_1566588066,"carrot, pineapple, salt, thyme, olive oil, arugula, brown rice, pepper, salmon",562.0,566.233398
dish_1560973984,"mustard, arugula, orange, pepper, salt, lime, raisins, olive oil, broccoli, pecans, wheat berry",195.0,171.213257
dish_1558381943,spinach (raw),60.0,13.8
dish_1565637548,"pineapple, quinoa, olive oil",102.0,93.436127
dish_1562168365,pineapple,140.0,70.0
dish_1558642458,cauliflower,92.0,23.0
dish_1564514953,"artichokes, chive, salt, onions, olive oil, white beans, fish, pepper, arugula, carrot, bell peppers, lime, garlic, snow peas, parsley",281.0,249.899155
dish_1560456833,"nopales, sour cream, broccoli, garlic, carrot, fish, jicama, olive oil, wild rice, parsley, salt, lime, chive, corn, pepper, arugula",378.0,351.583435
dish_1561574600,"salt, olive oil, eggplant",100.0,32.980392
dish_1559848882,"mandarin oranges, pears",254.0,143.062012
dish_1563303298,"salt, spinach (raw), wheat berry, olive oil, thyme, lemon juice, parsley, chicken, shallots, garlic",103.0,170.760071
dish_1558639362,"cauliflower, apple, carrot, corn on the cob",342.0,156.179001
dish_1566488905,"sweet potato, olive oil",86.0,82.308296
dish_1566933180,"salt, vinegar, olive oil, garlic, thyme, parsley, basil, arugula, brown rice, lemon juice, chicken thighs, radishes",96.0,161.449524
dish_1558721272,carrot,72.0,29.52
dish_1563464389,bacon,17.0,91.970001
dish_1561749061,"garlic, salmon, pepper, arugula, brown rice, cherry tomatoes, tatsoi, mustard, kale, lemon juice, parsley, celery root, mixed greens, honeydew melons, vinegar, thyme, olive oil, cucumbers, salt",360.0,302.860138
dish_1558544482,berries,67.0,38.189999
dish_1563395415,"carrot, broccoli, cheese pizza, salt, zucchini, olive oil, squash, pepper",187.0,182.538498
dish_1561739649,"sweet potato, broccoli, raspberries, granola, blackberries, mixed greens, vinaigrette",388.0,208.233551
dish_1566414686,"basil, garlic, lemon juice, thyme, rosemary, butter, wheat berry, mushroom, pepper, salt, shallots, roasted potatoes, olive oil, arugula, oregano, cream, chicken, white wine",407.0,646.176697
dish_1568405214,"mustard greens, olive oil, cucumbers, kale, tomatoes, salt, garlic, caesar dressing, croutons, vinegar, spinach (raw), parmesan cheese, mustard",152.0,144.255814
dish_1559843492,"broccoli, strawberries",95.0,31.710001
dish_1561578570,"millet, spinach (cooked), salt, onions, olive oil, vinegar, beef, shallots, bok choy",65.0,136.804855
dish_1560788384,"yogurt, strawberries",242.0,111.198997
dish_1563464543,"bacon, berries, watermelon, roasted potatoes, scrambled eggs",319.0,386.369995
dish_1564429702,cauliflower,158.0,39.5
dish_1564686740,"olive oil, olives, pepper, cherry tomatoes, lettuce, cheese pizza, mixed greens, lime, salt, vinegar, onions, cucumbers",221.0,399.804565
dish_1558547068,spinach (raw),11.0,2.53
dish_1563307519,"olive oil, salt, vinegar, soy sauce, beef, white rice, chili, broccoli, garlic, green onions, onions, carrot, kale, orange juice",335.0,574.115173
dish_1563391922,"broccoli, squash, zucchini",104.0,24.440001
dish_1565811529,"garlic, salt, mustard, olive oil, blueberries, vinegar, spinach (raw), radishes",104.0,116.842033
dish_1559846504,"broccoli, pears",233.0,126.172005
dish_1558116298,"cantaloupe, almonds, grapes, sausage",368.0,854.690979
dish_1567022296,"cherry tomatoes, onions, olives, bell peppers, carrot, chicken",444.0,425.410004
dish_1559751710,berries,66.0,37.619999
dish_1560444815,"honeydew melons, watermelon, scrambled eggs, bacon, pineapple",571.0,495.119995
dish_1557863170,"avocado, spinach (raw), cucumbers, olives",142.0,129.820007
dish_1561753589,"arugula, brown rice, salt, pepper, thyme, salmon, olive oil",78.0,138.761963
dish_1558372525,almonds,42.0,242.802002
dish_1567020091,"fish, chive, walnuts, garlic, shallots, kale, arugula, vinegar, blueberries, cherry tomatoes, salt, brussels sprouts, olive oil, parsley, lemon juice, mustard, chard, wheat berry, pepper",238.0,236.805176
dish_1560454562,"corn, arugula, green beans, fish, vinegar, cherry tomatoes, wild rice, pepper, olive oil, cucumbers, chive, sour cream, garlic, carrot, jicama, parsley, nopales, lime, salt, mixed greens",299.0,318.821899
dish_1560802730,"olive oil, chickpeas, kale, lemon juice, bulgur, salt, parsley, cherry tomatoes, pepper, spinach (raw), thyme, garlic, chicken breast, parmesan cheese, wheat berry",64.0,101.702484
dish_1561580608,cauliflower,81.0,20.25
dish_1560444701,watermelon,170.0,51.000004
dish_1566316525,"olive oil, bacon, radishes, vinegar, bell peppers, garlic, salt, cucumbers, mustard",83.0,223.888092
dish_1565799507,"sweet potato, olive oil",78.0,74.651711
dish_1564590146,"watermelon, sweet potato, olive oil",205.0,141.005844
dish_1565109637,"sweet potato, olive oil, egg whites",253.0,172.644882
dish_1566414611,chicken,64.0,105.599998
dish_1567021799,"pepper, vinegar, arugula, chard, blueberries, mustard, olive oil, walnuts, salt",76.0,93.81813
dish_1559844657,"potatoes, grapes",167.0,122.110001
dish_1562699699,"bok choy, millet, vinegar, spinach (raw), shallots, onions, cucumbers, olive oil, garlic, mustard, salt, quinoa, sun dried tomatoes, beef, brown rice, spinach (cooked)",217.0,372.112732
dish_1558721669,cauliflower,97.0,24.25
dish_1558640294,"cantaloupe, cherry tomatoes",184.0,42.400002
dish_1559149615,bacon,23.0,124.429993
dish_1558640238,cherry tomatoes,126.0,22.68
dish_1563295400,"broccoli, yam, sweet potato, scrambled eggs, olive oil, bacon",269.0,402.984802
dish_1559332795,"cucumbers, olive oil, salt, mixed greens, lime, lettuce, pepper, cherry tomatoes, vinegar, onions",39.0,39.368401
dish_1558722707,cherry tomatoes,107.0,19.26
dish_1560369008,"pork, brown rice, shallots, mixed greens, carrot, broccoli, salt, lemon juice, basil, parsley, vinegar, cherry tomatoes, pepper, arugula, white rice, garlic, lettuce, mustard, pumpkin seeds, olive oil, onions, caesar salad",146.0,223.801331
dish_1559233144,"garden salad, scrambled eggs, bacon",198.0,398.063995
dish_1563205903,"chicken apple sausage, egg whites",122.0,101.239998
dish_1558380464,almonds,48.0,277.488007
dish_1565195362,"sweet potato, olive oil",103.0,98.578537
dish_1556575386,"olives, brussels sprouts, celery",152.0,103.299995
dish_1567023262,greek salad,64.0,72.32
dish_1560887480,"onions, caesar dressing, pizza, kale, broccoli, beef, vinegar, parmesan cheese, eggplant, olive oil, orange juice, salt, chili, garlic, soy sauce, white rice, croutons, green onions",374.0,668.084106
dish_1564601600,"buttermilk, chicken, flour, lemon juice, thyme, vegetable oil, parsley, garlic, olive oil, brussels sprouts, pepper, roasted potatoes, turnips, salt",434.0,600.798035
dish_1561740385,"radishes, salt, broccoli, olive oil, mustard, cucumbers, vinegar, strawberries, garlic, bell peppers",139.0,99.374557
dish_1563996596,caesar salad,90.0,39.599998
dish_1558724799,"cauliflower, apple, broccoli",352.0,142.669998
dish_1560366963,cherry tomatoes,42.0,7.56
dish_1563984835,"vinaigrette, raspberries, blackberries, mixed greens, granola, scrambled eggs, salsa, chicken apple sausage",461.0,603.979248
dish_1560366460,"basil, chard, vinegar, arugula, eggplant, broccoli, salt, walnuts, olive oil, onions, blueberries, pork, garlic, brown rice, cherry tomatoes, pepper, asparagus, shallots, lemon juice, mustard, parsley",255.0,330.740997
dish_1562010266,"olive oil, mayonnaise, wheat berry, pork, pepper, salt, cabbage, carrot, garlic, lemon juice, parsley, jalapenos",284.0,581.033081
dish_1560369122,"garlic, asparagus, salt, mustard, olive oil, blueberries, spinach (raw), radishes, vinegar, honeydew melons",183.0,92.058571
dish_1566402041,egg whites,446.0,231.919998
dish_1564605293,cheese pizza,152.0,404.167999
dish_1565021185,"waffles, olive oil, salt, turnips, egg whites, sausage, pepper, tofu",296.0,481.503418
dish_1558638137,apple,117.0,60.839996
dish_1562787983,"caesar salad, cantaloupe",149.0,56.760002
dish_1561751958,"arugula, brown rice, squash, salmon, pepper, salt, olive oil, thyme",293.0,381.226379
dish_1563913741,"cucumbers, salt, cheese pizza, figs, mustard, green beans, olive oil, fried rice, chard, spinach (raw), vinegar, cherry tomatoes, caesar salad",292.0,353.062378
dish_1558640748,cauliflower,58.0,14.5
dish_1562617395,"caesar salad, pepperoni pizza",125.0,185.899994
dish_1565119739,"olive oil, onions, salt, kale, zucchini, shallots, spinach (cooked), millet, bok choy, beef, wheat berry, chard, chayote squash, vinegar",461.0,396.804047
dish_1565728453,"shallots, garlic, olive oil, vinegar, beef, millet, salt, cheese pizza, onions, lemon juice, parsley, thyme, wheat berry, spinach (raw), bok choy, spinach (cooked), chicken",140.0,293.899658
dish_1564169298,"lemon juice, kale, tatsoi, parsley, garlic, sandwiches, salt, pepper, watermelon, cucumbers",299.0,187.076355
dish_1563909951,"garlic, salt, olive oil, mustard, spinach (raw), vinegar, green beans, blueberries, radishes",188.0,180.602646
dish_1566501041,"olives, carrot, spinach (raw), parmesan cheese",194.0,279.317993
dish_1562008842,"parsley, mixed greens, garlic, olive oil, mustard, shallots, mayonnaise, chard, vinegar, cabbage, olives, pepper, quinoa, pears, salt, goat cheese, carrot, thyme, arugula, pecans, blueberries, lemon juice, pork, cauliflower, wheat berry, jalapenos",294.0,355.759705
dish_1566414754,"pepper, roasted potatoes, shallots, green onions, country rice, lemon juice, rosemary, butter, wheat berry, mushroom, cream, arugula, onions, fish, green beans, salt, garlic, olive oil, thyme, basil, oregano, chicken, white wine",533.0,755.496277
dish_1561575996,"vinegar, parmesan cheese, millet, bok choy, olives, beef, cheese pizza, salt, shallots, spinach (cooked), onions, olive oil",128.0,290.976196
dish_1561578603,"olive oil, onions, salt, roasted potatoes, spinach (cooked), shallots, bok choy, millet, beef, vinegar",96.0,180.514832
dish_1563567978,"garlic, shallots, salt, lemon juice, kale, parsley, chard, olive oil, wheat berry, chive, cherry tomatoes, fish",114.0,118.96312
dish_1561576051,"chicken, beef, garlic, butter, arugula, wheat berry, cream, olive oil, thyme, rosemary, salt, white wine, roasted potatoes, pepper, olives, millet, parmesan cheese, vinegar, mushroom, oregano, basil, lemon juice, bok choy, onions, cheese pizza, spinach (cooked), shallots",179.0,367.885284
dish_1565638287,"pork, arugula, white rice, garlic, salt, rosemary, zucchini, parsley, onions, olive oil",175.0,357.934662
dish_1561753371,"olive oil, chicken thighs, cheese, tomatoes, garlic, chili, salt, cilantro, tortilla, onions",103.0,221.257736
dish_1563393182,"zucchini, broccoli, squash, cucumbers",193.0,35.230003
dish_1568061272,"quinoa, chicken breast, wheat berry, parmesan cheese, spinach (raw), olive oil, garlic, thyme, cherry tomatoes, salt, cheese pizza, pepper, pineapple, squash, brussels sprouts",415.0,380.394043
dish_1562958998,"arugula, quinoa, fish, tomatillo, pepper, jalapenos, cilantro, garlic, lemon juice, onions, salt, olive oil",104.0,109.093597
dish_1560456853,"parsley, salt, broccoli, fish, jicama, olive oil, sour cream, nopales, lime, chive, carrot, corn, garlic, caesar salad, pepper, arugula, wild rice",501.0,405.703369
dish_1560370137,"vinegar, arugula, asparagus, salt, mixed greens, carrot, lettuce, pumpkin seeds, mustard, olive oil",104.0,89.644272
dish_1558636388,cauliflower,96.0,24.0
dish_1558633158,carrot,85.0,34.849998
dish_1564170880,"salmon, pepper, arugula, brown rice, wheat berry, olive oil, thyme, salt",230.0,348.557159
dish_1559678405,"bok choy, garlic, vinegar, onions, shallots, olive oil, mustard, tomatoes, mustard greens, salt, cucumbers, beef, spinach (raw), broccoli, spinach (cooked), millet",386.0,552.346069
dish_1563564676,"kale, croutons, caesar dressing, parmesan cheese",62.0,50.623695
dish_1562086501,scrambled eggs,132.0,195.360001
dish_1560453275,"lemon juice, spinach (raw), thyme, rosemary, garlic, salt, basil, parsley, pepper, olive oil, chicken, wheat berry, squash, zucchini",60.0,92.554443
dish_1558725085,honeydew melons,151.0,54.360001
dish_1565799663,"berries, salsa, watermelon, egg whites, olive oil, sweet potato",591.0,314.811707
dish_1562700906,"olive oil, squash, salt, cauliflower",222.0,59.639149
dish_1564086602,cheese pizza,49.0,130.291
dish_1567024066,cheese pizza,86.0,228.673996
dish_1558631872,cherry tomatoes,89.0,16.02
dish_1558722883,cauliflower,60.0,15.0
dish_1567537212,"beef, broccoli, garlic, green onions, soy sauce, kale, onions, salt, vinegar, olive oil, white rice, orange juice, chili",238.0,432.506653
dish_1563909982,"chicken, green beans, vinegar, spinach (raw), blueberries, olive oil, onions, salt, bell peppers, pepper, radishes, jalapenos, mustard, millet, tomatoes, garlic",318.0,370.793976
dish_1562687246,"bell peppers, garlic, salt, cucumbers, olive oil, mustard, vinegar, radishes",61.0,115.4216
dish_1562173381,sausage,113.0,389.39801
dish_1565797645,watermelon,70.0,21.0
dish_1565033189,"chicken, mixed greens, broccoli, olives",507.0,578.099976
dish_1558629878,apple,142.0,73.839996
dish_1561575410,cauliflower,64.0,16.0
dish_1565724620,"olive oil, wheat berry, thyme, zucchini, broccoli, parsley, roasted potatoes, garlic, chicken, shallots, salt, lemon juice, chayote squash, spinach (raw)",535.0,473.953308
dish_1558719097,cherry tomatoes,107.0,19.26
dish_1561739760,"vinaigrette, granola, blackberries, berries, mixed greens, broccoli, raspberries, cantaloupe, sweet potato",937.0,452.163513
dish_1560356337,"cucumbers, mustard greens, olive oil, garlic, tomatoes, salt, yam, mustard, spinach (raw), vinegar",119.0,144.716934
dish_1561578394,"bok choy, olives, salt, lettuce, cheese pizza, spinach (cooked), shallots, vinegar, millet, beef, vinaigrette, cherry tomatoes, feta cheese, olive oil, onions, cucumbers, caesar salad, bell peppers",185.0,276.044403
dish_1558458903,almonds,20.0,115.620003
dish_1563309237,"bell peppers, olives",62.0,49.550003
dish_1558641926,apple,154.0,80.079994
dish_1562775574,"salt, egg whites, brussels sprouts, olive oil, sweet potato, cottage cheese, pineapple, pepper",387.0,242.477127
dish_1562875833,"arugula, nopales, jicama, sour cream, corn, fish, pepper, chive, garlic, carrot, lime, salt, olive oil, parsley",143.0,156.146393
dish_1567023110,olives,40.0,46.0
dish_1559843715,"strawberries, potatoes, broccoli, pears",334.0,176.140015
dish_1561666875,"chive, corn on the cob, vinegar, cherry tomatoes, brown rice, olive oil, basil, lemon juice, garlic, lime, caesar salad, carrot, pepper, chard, parsley, rosemary, cheese pizza, cucumbers, onions, salt, lettuce, chicken, mixed greens",359.0,443.862976
dish_1565208562,caesar salad,92.0,40.48
dish_1564432191,"salt, lime, lettuce, mixed greens, vinegar, cucumbers, pepperoni pizza, onions, olive oil, cauliflower, pineapple, pepper, cherry tomatoes",220.0,261.028381
dish_1560370833,"ice cream cones, frozen yogurt",99.0,177.003006
dish_1563389742,"cherry tomatoes, onions, grilled chicken, carrot, bell peppers",556.0,569.417969
dish_1561576449,cauliflower,308.0,77.0
dish_1559319826,berries,79.0,45.029999
dish_1561749711,"salmon, salt, thyme, olive oil, arugula, brown rice, cherry tomatoes, pepper",228.0,300.077911
dish_1566501382,"olives, onions, cherry tomatoes, tuna, carrot",330.0,283.529999
dish_1565972384,"sweet potato, olive oil, egg whites",706.0,432.243896
dish_1562613918,"apple, shallots, bulgur, salt, lemon juice, cranberries, mustard greens, olive oil, parsley, arugula, broccoli, squash, garlic",207.0,133.659988
dish_1562613285,"figs, apple, arugula, lemon juice, olive oil, mustard greens, salt, goat cheese",84.0,111.744507
dish_1559581236,"mixed greens, lime, lettuce, olive oil, cucumbers, onions, salt, vinegar, pepper, eggs, cherry tomatoes",212.0,296.926727
dish_1565809080,"onions, cherry tomatoes, tuna, carrot, bell peppers",485.0,362.740021
dish_1560360030,scrambled eggs,131.0,193.880005
dish_1562008780,"goat cheese, vinegar, chard, blueberries, arugula, mixed greens, garlic, cauliflower, olives, pears, salt, pecans, mustard, olive oil",195.0,180.846405
dish_1562963484,"lettuce, pumpkin seeds, mixed greens, mustard, carrot, salt, vinegar, arugula, olive oil",80.0,100.539413
dish_1558722473,"cherry tomatoes, cauliflower, apple, carrot",379.0,149.649994
dish_1567020366,"brussels sprouts, olive oil, pepper, broccoli, salt",203.0,111.459381
dish_1566938059,"shallots, wine, salt, cheese pizza, lemon juice, bok choy, olive oil, chicken thighs, squash, eggplant, mushroom, quinoa, garlic, spinach (cooked)",256.0,463.246582
dish_1562947503,"sausage, roasted potatoes, egg whites, berries, pineapple",408.0,438.122009
dish_1562691441,"broccoli, scrambled eggs, olive oil, yam",232.0,263.870972
dish_1562702469,"vinaigrette, quinoa, cauliflower, vinegar, onions, lettuce, cherry tomatoes, beef, salt, watermelon, olives, millet, feta cheese, cucumbers, olive oil, spinach (cooked), bell peppers, shallots, bok choy",529.0,541.730286
dish_1567022212,"bell peppers, carrot, olives, cherry tomatoes",197.0,89.110001
dish_1561577701,"olive oil, onions, salt, shallots, spinach (cooked), cauliflower, bok choy, millet, beef, vinegar",263.0,258.637756
dish_1567024112,"cheese pizza, spinach (cooked), shallots, garlic, salt, lemon juice, squash, eggplant, olive oil, chicken thighs, mushroom, wine, quinoa",116.0,274.075806
dish_1568314857,"salt, beef, millet, bok choy, avocado, vinegar, onions, shallots, spinach (cooked), olive oil",162.0,295.537689
dish_1568318480,"mixed greens, chicken, olive oil, steak, broccoli",587.0,1119.280029
dish_1558459395,almonds,36.0,208.115997
dish_1562689601,"broccoli, olive oil",37.0,20.611706
dish_1562775456,sweet potato,66.0,50.16
dish_1564516429,"fish, chive, garlic, bell peppers, pepper, parsley, snow peas, onions, cherry tomatoes, olives, artichokes, olive oil, arugula, white beans, salt, lime",186.0,178.982971
dish_1564514997,"onions, lime, bell peppers, salt, arugula, wheat berry, olive oil, parsley, snow peas, carrot, artichokes, chive, garlic, fish, pepper, white beans",396.0,381.110779
dish_1564428515,"pears, shallots, parsley, onions, cabbage, mayonnaise, pork, jalapenos, arugula, vinegar, cherry tomatoes, garlic, mixed greens, carrot, salt, mustard, lemon juice, thyme, olive oil, wheat berry, pepper, quinoa, cauliflower",479.0,484.618347
dish_1565640812,"black beans, mixed greens, chicken",234.0,297.929993
dish_1558630006,grapes,75.0,51.75
dish_1557862829,spinach (raw),24.0,5.52
dish_1562871408,"cheese pizza, salt, squash, white rice, olive oil",228.0,271.34198
dish_1563996251,cauliflower,158.0,39.5
dish_1565641915,"cheese pizza, asparagus, olive oil, quinoa",190.0,326.76474
dish_1558468731,"mixed greens, avocado, chicken, mushroom, broccoli, squash",440.0,320.325012
dish_1559841571,cereal,5.0,18.799999
dish_1562170331,"watermelon, roasted potatoes, berries, pineapple",400.0,263.830017
dish_1558722398,apple,161.0,83.719994
dish_1559061752,eggs,124.0,192.819992
dish_1560889008,"carrot, olive oil, salt, pepper",84.0,41.293011
dish_1565724588,"zucchini, broccoli, olive oil, roasted potatoes, chayote squash",410.0,266.720245
dish_1558640039,carrot,98.0,40.18
dish_1562615070,"squash, olive oil, salt",50.0,14.471023
dish_1562949162,bacon,12.0,64.919998
dish_1563996625,"parsley, steak, brown rice, jalapenos, salt, shallots, cilantro, caesar salad, garlic, vinegar, lemon juice, olive oil, tatsoi",215.0,342.701141
dish_1563824304,"olives, bell peppers, onions",122.0,75.800003
dish_1558028194,"bacon, deprecated, potatoes",172.0,228.050003
dish_1562173742,bacon,15.0,81.149994
dish_1561662358,corn on the cob,91.0,96.551003
dish_1565812116,"mustard, salt, olive oil, blueberries, vinegar, arugula, chard, pepper, walnuts",36.0,44.44017
dish_1558629444,almonds,39.0,225.459
dish_1562959766,"pepper, sugar, rice noodles, green onions, pork, radishes, soy sauce, garlic, parsnips, mixed greens, salt, cabbage, olive oil, vinegar, bok choy, carrot, white rice",307.0,431.126984
dish_1558723123,corn on the cob,49.0,51.988998
dish_1561404485,"cucumbers, garlic, mixed greens, salt, lime, vinegar, olive oil, beets, wheat berry, steak, pepper, cherry tomatoes, cauliflower, carrot",349.0,511.373352
dish_1560527140,"salt, tomatoes, garlic, mustard greens, potatoes, olive oil, cucumbers, spinach (raw), vinegar, bacon, mustard",138.0,276.665314
dish_1562086564,"fruit salad, scrambled eggs",287.0,286.809998
dish_1560787754,"bacon, berries",68.0,72.639999
dish_1563813501,"cheese, sausage, pineapple, pepper, bacon, salt, scrambled eggs, olive oil, brussels sprouts, sweet potato",414.0,694.123352
dish_1563563527,"lemon juice, olive oil, shallots, garlic, fish, cherry tomatoes, chive, bok choy, salt, parsley, wheat berry, pizza, chard",302.0,322.90625
dish_1562871488,"white rice, pepper, mushroom, squash, olive oil, brussels sprouts, salt, cheese pizza",393.0,321.590912
dish_1558636868,almonds,8.0,46.248001
dish_1562963084,"quinoa, arugula, jalapenos, lemon juice, garlic, roasted potatoes, fish, cherry tomatoes, pepper, olive oil, onions, radishes, cilantro, salt, tomatillo",424.0,375.127289
dish_1565107092,"scrambled eggs, egg whites",444.0,313.440002
dish_1561749750,"cherry tomatoes, salt, broccoli, thyme, olive oil, arugula, brown rice, salmon, pepper",315.0,330.527924
dish_1558381206,"grapes, almonds, sausage, mixed greens",153.0,342.388
dish_1566488956,"egg whites, olive oil, sweet potato, cantaloupe",489.0,280.888275
dish_1564675240,"watermelon, olive oil, grapes, egg whites, sweet potato, salsa",886.0,502.878784
dish_1559593794,"garlic, quinoa, chard, chicken thighs, eggplant, squash, kale, salt, wine, walnuts, spinach (cooked), pepper, vinegar, arugula, mushroom, olive oil, blueberries, lemon juice, mustard, pumpkin seeds, shallots",380.0,450.561432
dish_1558462531,cherry tomatoes,72.0,12.960001
dish_1558640671,cantaloupe,95.0,32.299999
dish_1568061234,"salt, cheese pizza, olive oil, brussels sprouts, squash, pineapple, pepper, quinoa",358.0,290.692169
dish_1567801791,"salt, sugar, cheese pizza, roasted potatoes, pork, bok choy, white rice, pepper, garlic, soy sauce",111.0,225.472412
dish_1558636544,almonds,71.0,410.451019
dish_1560802092,"caesar dressing, squash, spinach (raw), cherry tomatoes, chicken breast, croutons, thyme, garlic, salt, kale, wheat berry, olive oil, parmesan cheese",128.0,118.031128
dish_1564170141,"onions, cherry tomatoes, olives",133.0,62.68
dish_1563391647,"arugula, chard, blueberries, vinegar, olive oil, mustard, pecans, salt, garlic",22.0,27.390959
dish_1558722931,almonds,76.0,439.356018
dish_1566333255,"spinach (cooked), garlic, olive oil, caesar salad, spinach (raw), onions, jalapenos, millet, pepper, shallots, tomatoes, bell peppers, salt, cheese pizza, vinegar, bok choy, chicken, beef, cauliflower",372.0,515.545227
dish_1563207332,"scrambled eggs, yam, egg whites, olive oil, sweet potato",241.0,288.570007
dish_1563827454,"zucchini, caesar salad, squash, broccoli",248.0,86.570007
dish_1563984701,chicken apple sausage,172.0,275.200012
dish_1561492687,"olive oil, fish, garlic, caesar salad, fried rice, green onions, country rice, onions, salt",108.0,105.605652
dish_1566931217,"lime, pepper, arugula, olive oil, onions, salt, artichokes, mixed greens, bell peppers, chive, fish, vinegar, avocado, white beans, beets, parsley, snow peas, cauliflower, garlic",378.0,333.108673
dish_1560455263,"mustard, basil, thyme, parsley, carrot, mixed greens, salt, pepper, chicken, rosemary, lemon juice, wild rice, green beans, vinegar, spinach (raw), zucchini, olive oil, honeydew melons, lettuce, pumpkin seeds, garlic, squash, wheat berry, arugula",360.0,360.679474
dish_1558718088,"apple, corn on the cob, cantaloupe, cauliflower",405.0,219.419983
dish_1558725353,brussels sprouts,94.0,40.420002
dish_1564690138,"pears, garlic, lentils, arugula, green beans, parsley, lemon juice, olive oil, salt, chickpeas, pepper",181.0,190.499496
dish_1562945803,"vinaigrette, raspberries, mixed greens, honeydew melons, granola, blackberries",64.0,50.295322
dish_1561749392,"chicken thighs, olive oil, salt, garlic, cheese, salmon, pepper, cilantro, brown rice, arugula, thyme, tortilla, onions, tomatoes, chili",210.0,416.778564
dish_1563897837,"watermelon, berries",304.0,118.470001
dish_1561752509,"tortilla, onions, chicken thighs, squash, cheese, tomatoes, salt, chili, garlic, cilantro, olive oil, turnips",224.0,321.482025
dish_1565207865,"parsley, brussels sprouts, bulgur, salt, cranberries, lemon juice, shallots, apple, garlic, pepper, olive oil, arugula, mustard greens",129.0,112.960785
dish_1567542813,"white rice, garlic, cilantro, cheese pizza, olive oil, onions, chicken thighs, vinegar, kale, salt, lemon juice, pineapple",145.0,316.638611
dish_1559581356,"vinegar, broccoli, bacon, salt, mixed greens, eggs, lime, lettuce, cherry tomatoes, pepper, olive oil, cucumbers, onions",294.0,436.946686
dish_1568315001,"salmon, millet, beef, jalapenos, mushroom, onions, lime, spinach (cooked), shallots, salt, bok choy, avocado, vinegar, brown rice, spinach (raw), ginger, lemon juice, tomatoes, olive oil, garlic, cilantro, chili",364.0,504.709412
dish_1561576794,"vinegar, shallots, rosemary, thyme, olive oil, blueberries, wheat berry, chard, beef, chicken, spinach (cooked), onions, lemon juice, cream, squash, eggplant, mushroom, pineapple, millet, walnuts, garlic, white wine, mustard, oregano, arugula, pepper, bok choy, cauliflower, caesar salad, salt, butter, basil",738.0,654.721252
dish_1560369080,"garlic, salt, mustard, olive oil, blueberries, radishes, spinach (raw), vinegar",49.0,55.050571
dish_1561062171,"salt, garlic, thyme, sour cream, onions, olive oil, spinach (raw), mushroom, cream, wine, pasta, beef",58.0,101.142975
dish_1563564828,"lemon juice, cherry tomatoes, fish, eggs, olive oil, parsley, celery, salt, carrot, shallots, white rice, croutons, mushroom, corn on the cob, chive, ground turkey, parmesan cheese, cream, thyme, onions, caesar dressing, kale, wheat berry, chard, garlic",355.0,452.214478
dish_1561576916,"chard, blueberries, eggplant, vinegar, pepper, walnuts, salt, olive oil, mustard, arugula",98.0,78.457687
dish_1559244546,"salt, chard, brown rice, garlic, olive oil, rosemary, basil, chive, parsley, lemon juice, chicken",281.0,469.942139
dish_1557863104,olives,40.0,46.0
dish_1561666761,cheese pizza,43.0,114.336998
dish_1562614952,"radishes, pineapple, vinegar, lemon juice, parsley, kale, garlic, broccoli, white rice, jalapenos, chicken thighs, brown rice, steak, arugula, basil, olive oil, thyme, onions, cilantro, salt",403.0,548.106018
dish_1563568319,"white rice, mushroom, ground turkey, olive oil, chive, carrot, eggs, corn on the cob, cream, thyme, kale, salt, onions, cheese pizza, celery, garlic",347.0,604.323303
dish_1563218959,"rosemary, zucchini, parsley, onions, salt, garlic, white rice, arugula, olive oil, pork",131.0,267.939667
dish_1559841781,"grapes, cereal",43.0,45.019997
dish_1563391959,"garlic, arugula, squash, onions, olive oil, zucchini, broccoli, salt, jalapenos, pepper, quinoa, fish, tomatillo, lemon juice, cilantro",315.0,245.774109
dish_1562698239,"beef, salt, olive oil, spinach (cooked), shallots, onions, vinegar, millet, bok choy, white rice",230.0,407.633148
dish_1562947020,"scrambled eggs, cheese",333.0,533.117126
dish_1567024224,"quinoa, chicken thighs, eggplant, squash, chayote squash, cheese pizza, wine, cauliflower, zucchini, lemon juice, mushroom, olive oil, salt, spinach (cooked), roasted potatoes, shallots, garlic",315.0,354.945831
dish_1562777566,toast,84.0,263.003998
dish_1562691705,"chia seeds, yam, egg whites, milk, olive oil, greek yogurt, sweet potato, watermelon, broccoli, chicken apple sausage",554.0,412.67688
dish_1563466280,bacon,66.0,357.059998
dish_1566931482,mixed greens,91.0,25.48
dish_1562096633,"snow peas, lime, squash, wine, lemon juice, eggplant, green beans, arugula, spinach (cooked), garlic, salt, shallots, mushroom, pepper, chicken thighs, white beans, beets, vinegar, chive, bell peppers, onions, parsley, olive oil, quinoa, mixed greens, artichokes, fish",237.0,288.703217
dish_1558115825,grapes,62.0,42.779999
dish_1565984245,"salt, carrot, olive oil, pepper",78.0,38.34351
dish_1565711358,"yam, cantaloupe, sweet potato, grapes, olive oil, egg whites",658.0,490.052887
dish_1562605411,"watermelon, pepper, olive oil, brussels sprouts, scrambled eggs, sweet potato, salt",363.0,336.492828
dish_1558030910,bacon,15.0,81.149994
dish_1564675193,"grapes, watermelon, egg whites, sweet potato, olive oil",803.0,478.808777
dish_1562959570,"fish, pepper, sugar, white rice, arugula, chard, soy sauce, lemon juice, mustard, olive oil, quinoa, mixed greens, carrot, pumpkin seeds, cherry tomatoes, salt, lettuce, bok choy, pork, jalapenos, spinach (raw), vinegar, cucumbers, onions, cilantro, garlic, tomatillo, figs",216.0,311.986237
dish_1560889061,"shallots, blue cheese, pepper, vinegar, spinach (raw), wheat berry, thyme, walnuts, lemon juice, garlic, salt, carrot, mustard, olive oil, parsley, lettuce, mixed greens, chicken",281.0,402.50766
dish_1565884833,"watermelon, egg whites, waffles, salsa",643.0,497.739014
dish_1562181285,"flour, mustard, garlic, almonds, carrot, buttermilk, chicken, spinach (raw), blueberries, olive oil, lemon juice, parsley, vegetable oil, thyme, vinegar, salt, bacon",324.0,796.922119
dish_1566938088,"salt, spinach (cooked), chicken thighs, wine, bok choy, quinoa, garlic, shallots, olive oil, mushroom, lemon juice, eggplant, squash, cauliflower, cheese pizza",381.0,494.496582
dish_1561493975,"chard, vinegar, blueberries, pepper, salt, olive oil, walnuts, arugula, mustard",106.0,130.851608
dish_1566499564,olives,37.0,42.549999
dish_1562704665,"millet, spinach (cooked), cheese pizza, cauliflower, onions, caesar salad, olive oil, vinegar, squash, beef, salt, bok choy, shallots",399.0,387.841309
dish_1565036890,"chili, salt, garlic, roasted potatoes, thyme, olive oil, brown rice, lemon juice, radishes, beef, cheese pizza, broccoli, parsley, basil, soy sauce, orange juice, kale, onions, arugula, vinegar, white rice, chicken thighs, green onions",260.0,520.864685
dish_1560369294,"shallots, garlic, country rice, parsley, basil, onions, fish, brown rice, vinegar, green onions, broccoli, salt, lemon juice, olive oil, pork, cherry tomatoes, pepper, asparagus",342.0,333.635681
dish_1566587714,"tomatoes, pepper, salmon, arugula, jalapenos, brown rice, garlic, bell peppers, salt, chicken, spinach (raw), chard, kale, olive oil, thyme, onions, millet",373.0,347.536987
dish_1558029324,"potatoes, bacon, honeydew melons",250.0,273.5
dish_1563216625,"salt, thyme, olive oil, wheat berry, parmesan cheese, spinach (raw), cherry tomatoes, chicken breast, garlic",109.0,171.53511
dish_1563568263,cheese pizza,45.0,119.654999
dish_1560441529,"cantaloupe, berries, watermelon, pineapple",152.0,66.419998
dish_1565640528,"salt, lime, cilantro, lemon juice, cucumbers, mustard greens, olive oil, jalapenos, arugula, onions, mangos, cherry tomatoes, tomatoes",105.0,38.546906
dish_1561405912,"mixed greens, lime, cherry tomatoes, spinach (raw), vinegar, lettuce, cheese pizza, broccoli, chicken, garlic, soy sauce, white rice, pepper, green beans, ginger, onions, olive oil, cucumbers, green onions, salt, carrot",196.0,270.881866
dish_1561580628,"olives, cauliflower, vinaigrette, cherry tomatoes, lettuce, bell peppers, cucumbers, onions, feta cheese",156.0,72.434044
dish_1562702892,"vinaigrette, bok choy, millet, cherry tomatoes, fish, corn, feta cheese, garlic, onions, arugula, pepper, parsley, chive, lettuce, salt, beef, olives, vinegar, snow peas, cucumbers, olive oil, artichokes, spinach (cooked), bell peppers, shallots, lentils",338.0,457.711121
dish_1558721931,cauliflower,53.0,13.25
dish_1564086658,"cheese pizza, corn on the cob, caesar salad",230.0,260.852997
dish_1561404924,"parmesan cheese, croutons, caesar dressing, kale",39.0,31.843937
dish_1566934057,"bok choy, olive oil",193.0,66.090729
dish_1562947469,"berries, roasted potatoes, pineapple, sausage",320.0,392.362
dish_1563555510,scrambled eggs,131.0,193.880005
dish_1563476323,"ginger, lemon juice, olive oil, shallots, cilantro, salt, salmon, spinach (raw), brown rice, jalapenos, brownies, onions, garlic, lime, chili",339.0,686.97113
dish_1563477701,"cilantro, olive oil, onions, brussels sprouts, jalapenos, garlic, shallots, chili, salt, lime, lemon juice, spinach (raw), ginger, brown rice, pepper, salmon",150.0,179.424591
dish_1568316085,"arugula, vinegar, bok choy, beef, spinach (cooked), shallots, onions, blueberries, chard, millet, pepper, walnuts, salt, tofu, olive oil, mustard",258.0,378.53714
dish_1558640373,"cherry tomatoes, grapes, cantaloupe",276.0,105.880005
dish_1559751552,"yam, berries",254.0,227.313004
dish_1560443565,"berries, honeydew melons, pineapple, grapes",475.0,260.679993
dish_1566419577,"caesar salad, green beans, cheese pizza, olive oil",210.0,323.704224
dish_1566501293,"olives, onions",56.0,41.900002
dish_1558547008,potatoes,96.0,73.919998
dish_1564170967,"olive oil, thyme, salt, broccoli, zucchini, squash, salmon, chard, kale, pepper, wheat berry, brown rice, arugula",410.0,400.202118
dish_1558030971,honeydew melons,49.0,17.640001
dish_1558640979,"cantaloupe, cauliflower, carrot",169.0,59.279999
dish_1558719401,corn on the cob,49.0,51.988998
dish_1565797723,"mixed greens, raspberries, berries, vinaigrette, scrambled eggs, granola, blackberries, watermelon",221.0,202.928879
dish_1561575908,cheese pizza,40.0,106.360001
dish_1560453356,"chicken, brown rice, thyme, olive oil, basil, lemon juice, arugula, salmon, pepper, kimchi, spinach (raw), squash, wheat berry, tomatoes, rosemary, parsley, zucchini, salt, garlic",408.0,389.068359
dish_1558723475,cantaloupe,67.0,22.780001
dish_1563826272,"cauliflower, wheat berry, steak, pepperoni pizza, olive oil, garlic, lime, salt",261.0,645.126465
dish_1563305689,"mushroom, cucumbers",161.0,30.139999
dish_1564691450,"millet, corn on the cob, green beans, vinegar, steak, ketchup, onions, lettuce, mixed greens, pepper, cherry tomatoes, spinach (raw), olive oil, cucumbers, bell peppers, lime, salt",366.0,542.326721
dish_1559668238,hash browns,89.0,290.139984
dish_1563305982,"apple, croutons, garlic, shallots, vinegar, parmesan cheese, caesar dressing, olive oil, mustard, thyme, lemon juice, salt, parsley, spinach (raw), mushroom, wheat berry, cranberries, kale, onions, roasted potatoes, chicken",225.0,273.63089
dish_1565021599,egg whites,398.0,206.959991
dish_1561577146,"vinegar, olive oil, mustard, cheese pizza, walnuts, salt, pepper, arugula, blueberries, tofu, chard",99.0,154.23642
dish_1562086595,"fruit salad, scrambled eggs, yogurt",324.0,308.602997
dish_1568319769,"garlic, vinegar, radishes, olive oil, pizza, mustard, salt, cucumbers, bell peppers",151.0,356.3573
dish_1563391413,"tomatillo, pepper, fish, chicken thighs, tomatoes, squash, onions, garlic, cilantro, salt, quinoa, lime, parsley, jalapenos, lemon juice, arugula, cabbage, olive oil, hominy, bell peppers, chili",237.0,227.056778
dish_1562010440,"garlic, pepper, vinegar, jalapenos, pork, onions, cucumbers, lemon juice, lettuce, salt, mixed greens, lime, cherry tomatoes, mayonnaise, wheat berry, olive oil, parsley, brussels sprouts, cabbage, carrot, couscous",191.0,247.625168
dish_1565987298,"white rice, mushroom, celery, onions, kale, olive oil, chive, salt, cream, ground turkey, thyme, carrot, garlic, cheese pizza, eggs",88.0,211.138992
dish_1558377105,sausage,113.0,389.39801
dish_1568061097,cheese pizza,55.0,146.244995
dish_1564514906,"white beans, salt, arugula, fish, pepper, chive, garlic, artichokes, lime, bell peppers, olive oil, onions, snow peas, parsley",178.0,199.266052
dish_1558373352,grapes,100.0,69.0
dish_1561740411,"bell peppers, strawberries, radishes, scrambled eggs, vinegar, mustard, olive oil, cucumbers, broccoli, salt, garlic",297.0,333.214539
dish_1558114523,almonds,18.0,104.057999
dish_1560799558,pizza,74.0,196.840012
dish_1558722434,cherry tomatoes,47.0,8.46
dish_1558639949,cantaloupe,64.0,21.76
dish_1562787848,"cherry tomatoes, onions, pilaf, brown rice, lemon juice, parsley, cranberries, garlic, basil, salt, pepper, apple, pork, vinegar, arugula, mustard greens, olive oil, corn on the cob, broccoli, shallots, bulgur",248.0,416.802032
dish_1568314907,"vinegar, jalapenos, spinach (raw), beef, salt, lime, olive oil, ginger, brown rice, avocado, lemon juice, cilantro, salmon, bok choy, spinach (cooked), shallots, millet, garlic, onions, chili",281.0,481.169434
dish_1563294547,"yam, sweet potato, olive oil, grapes, watermelon, hash browns, pineapple, strawberries",455.0,430.265656
dish_1561578226,"bell peppers, cucumbers, salt, lettuce, onions, vinaigrette, olive oil, eggplant, feta cheese, cherry tomatoes, cauliflower, olives",289.0,119.220253
dish_1565724050,"salt, mustard, onions, olive oil, cranberries, arugula, vinegar, celery root",72.0,84.722847
dish_1561576680,"salt, cauliflower, chicken, squash, eggplant, white wine, mushroom, rosemary, arugula, thyme, butter, oregano, wheat berry, basil, pepper, lemon juice, garlic, shallots, olive oil, cream",455.0,307.862427
dish_1558463562,almonds,64.0,369.984009
dish_1563295334,"bacon, scrambled eggs",96.0,228.540009
dish_1566329234,"olive oil, vinegar, cauliflower, bok choy, millet, beef, shallots, spinach (cooked), salt, onions",457.0,262.625214
dish_1562691737,"chia seeds, broccoli, egg whites, yam, chicken apple sausage, sweet potato, watermelon, pineapple, greek yogurt, milk, olive oil",700.0,485.67688
dish_1558458496,grapes,77.0,53.130001
dish_1568664931,"tomatoes, vinegar, spinach (raw), mustard, olive oil, cucumbers, mustard greens, garlic, salt",60.0,67.877647
